> use defaultdb;
SET
> create ts database gbk_impexp_big5;
CREATE TS DATABASE
> use gbk_impexp_big5;
SET
> create table deftb(k_timestamp timestamptz not null, e1 int2, e2 int4, e3 int8, e4 float4, e5 float8, e6 bool, e7 char(20), e8 nchar(20), e9 varbytes(20), e10 double) tags (tag1 int2 not null, tag2 int4 not null, tag3 int8 not null, tag4 float4, tag5 float8, tag6 bool, tag7 char(20), tag8 nchar(20), tag9 varbytes(20), tag10 double) primary tags(tag1, tag2, tag3);
CREATE TABLE
> insert into deftb values('2024-01-01 00:00:02+00:00',500,324,821,-3514.2734375,2907.959323289191,false,'g','R','\x39',1942.0105699072847,865,577,987,-6812.10791015625,5215.895202662417,true,'U','i','\x45',-6363.044280492493);
INSERT 1
> insert into deftb values('2024-01-01 00:00:03+00:00',666,119,807,9944.78125,-7359.134805999276,true,'A','H','byte',-238.10581074656693,865,577,987,659.4307861328125,-349.5548293794309,false,'m','o','\x36',3778.0368072157435);
INSERT 1
> insert into deftb values('2024-01-01 00:00:05+00:00',NULL,NULL,NULL,NULL,NULL,NULL,NULL,NULL,NULL,NULL,865,577,987,NULL,NULL,NULL,NULL,NULL,NULL,NULL);
INSERT 1
> select * from gbk_impexp_big5.deftb order by k_timestamp;
         k_timestamp        |  e1  |  e2  |  e3  |      e4      |         e5         |  e6   |  e7  |  e8  |     e9     |         e10         | tag1 | tag2 | tag3 |    tag4     |       tag5        | tag6 | tag7 | tag8 | tag9 |       tag10
----------------------------+------+------+------+--------------+--------------------+-------+------+------+------------+---------------------+------+------+------+-------------+-------------------+------+------+------+------+---------------------
  2024-01-01 00:00:02+00:00 |  500 |  324 |  821 | -3514.273438 |  2907.959323289191 | false | g    | R    | \x39       |  1942.0105699072847 |  865 |  577 |  987 | -6812.10791 | 5215.895202662417 | true | U    | i    | \x45 | -6363.044280492493
  2024-01-01 00:00:03+00:00 |  666 |  119 |  807 |   9944.78125 | -7359.134805999276 | true  | A    | H    | \x62797465 | -238.10581074656693 |  865 |  577 |  987 | -6812.10791 | 5215.895202662417 | true | U    | i    | \x45 | -6363.044280492493
  2024-01-01 00:00:05+00:00 | NULL | NULL | NULL | NULL         | NULL               | NULL  | NULL | NULL | NULL       | NULL                |  865 |  577 |  987 | -6812.10791 | 5215.895202662417 | true | U    | i    | \x45 | -6363.044280492493
(3 rows)
> export into csv "nodelocal://1/geometry/BIG5/" from table gbk_impexp_big5.deftb with charset="BIG5";
  result
-----------
  succeed
(1 row)
> drop table gbk_impexp_big5.deftb;
DROP TABLE
> import table create using "nodelocal://1/geometry/BIG5/meta.sql" csv data ("nodelocal://1/geometry/BIG5/") with charset="BIG5";
  job_id |  status   | fraction_completed | rows | abandon_rows | reject_rows | note
---------+-----------+--------------------+------+--------------+-------------+-------
  -      | succeeded |                  1 |    3 | 0            | 0           | None
(1 row)
> select * from gbk_impexp_big5.deftb order by k_timestamp;
         k_timestamp        |  e1  |  e2  |  e3  |      e4      |         e5         |  e6   |  e7  |  e8  |     e9     |         e10         | tag1 | tag2 | tag3 |    tag4     |       tag5        | tag6 | tag7 | tag8 | tag9 |       tag10
----------------------------+------+------+------+--------------+--------------------+-------+------+------+------------+---------------------+------+------+------+-------------+-------------------+------+------+------+------+---------------------
  2024-01-01 00:00:02+00:00 |  500 |  324 |  821 | -3514.273438 |  2907.959323289191 | false | g    | R    | \x39       |  1942.0105699072847 |  865 |  577 |  987 | -6812.10791 | 5215.895202662417 | true | U    | i    | \x45 | -6363.044280492493
  2024-01-01 00:00:03+00:00 |  666 |  119 |  807 |   9944.78125 | -7359.134805999276 | true  | A    | H    | \x62797465 | -238.10581074656693 |  865 |  577 |  987 | -6812.10791 | 5215.895202662417 | true | U    | i    | \x45 | -6363.044280492493
  2024-01-01 00:00:05+00:00 | NULL | NULL | NULL | NULL         | NULL               | NULL  | NULL | NULL | NULL       | NULL                |  865 |  577 |  987 | -6812.10791 | 5215.895202662417 | true | U    | i    | \x45 | -6363.044280492493
(3 rows)
