> drop database ts_db cascade;
ERROR: database "ts_db" does not exist
SQLSTATE: 3D000
> create ts database ts_db;
CREATE TS DATABASE
> create table ts_db.t1 (
    kt timestamp not null,
    ktz timestamptz,
    i2 int2,
    i4 int4,
    i8 int8,
    f4 float4,
    d double,
    bt varbytes,
    c char,
    nc nchar,
    vc varchar,
    nvc nvarchar,
    b bool)
    tags (t1 int2 not null) primary tags(t1);
CREATE TABLE
> insert into ts_db.t1 values ('2022-01-01 11:22:33.456+08:00', '2022-01-01 11:22:33.456+08:00' , 0,0,0,0.0,0.0,'0','0','0','000','000',true,1);
INSERT 1
> select kt::int2, kt::int4, kt::int8, ktz::int2, ktz::int4, ktz::int8 from ts_db.t1;
       kt       |      kt       |      kt       |      ktz      |      ktz      |      ktz
----------------+---------------+---------------+---------------+---------------+----------------
  1641007353456 | 1641007353456 | 1641007353456 | 1641007353456 | 1641007353456 | 1641007353456
(1 row)
> select kt::float4, kt::double, ktz::float4, ktz::double from ts_db.t1;
          kt         |         kt         |        ktz         |        ktz
---------------------+--------------------+--------------------+---------------------
  1.641007415296e+12 | 1.641007353456e+12 | 1.641007415296e+12 | 1.641007353456e+12
(1 row)
> select kt::char, ktz::char, kt::nchar, ktz::nchar,kt::char(10), ktz::char(10), kt::nchar(10), ktz::nchar(10), kt::varchar, ktz::varchar,kt::nvarchar, ktz::nvarchar from ts_db.t1;
  kt | ktz | kt | ktz |     kt     |    ktz     |     kt     |    ktz     |              kt               |              ktz              |              kt               |              ktz
-----+-----+----+-----+------------+------------+------------+------------+-------------------------------+-------------------------------+-------------------------------+--------------------------------
   2 |   2 | 2  | 2   | 2022-01-01 | 2022-01-01 | 2022-01-01 | 2022-01-01 | 2022-01-01 03:22:33.456+00:00 | 2022-01-01 03:22:33.456+00:00 | 2022-01-01 03:22:33.456+00:00 | 2022-01-01 03:22:33.456+00:00
(1 row)
> select i2::int2, i2::int4, i2::int8, i4::int2, i4::int4, i4::int8, i8::int2, i8::int4, i8::int8 from ts_db.t1;
  i2 | i2 | i2 | i4 | i4 | i4 | i8 | i8 | i8
-----+----+----+----+----+----+----+----+-----
   0 |  0 |  0 |  0 |  0 |  0 |  0 |  0 |  0
(1 row)
> select i2::float4, i2::double, i4::float4, i4::double, i8::float4, i8::double from ts_db.t1;
  i2 | i2 | i4 | i4 | i8 | i8
-----+----+----+----+----+-----
   0 |  0 |  0 |  0 |  0 |  0
(1 row)
> select b::int2, b::int4, b::int8, d::int2, d::int4, d::int8 from ts_db.t1;
  b | b | b | d | d | d
----+---+---+---+---+----
  1 | 1 | 1 | 0 | 0 | 0
(1 row)
> insert into ts_db.t1 values ('2022-01-02 11:22:33.456+08:00', '2022-01-02 11:22:33.456+08:00' , -32768,-2147483648,-9223372036854774808,-9223372036854774808.1,-9223372036854774808.1,'1','1','1','2e3','2e3',false,1);
INSERT 1
> insert into ts_db.t1 values ('2022-01-03 11:22:33.456+08:00', '2022-01-03 11:22:33.456+08:00' , 32767,2147483647,9223372036854774807,9223372036854774807,9223372036854774807,'2','2','2','-2.2','-2.2',false,1);
INSERT 1
> select i2::int4, i2::int8, i4::int8 from ts_db.t1;
    i2   |   i2   |     i4
---------+--------+--------------
       0 |      0 |           0
  -32768 | -32768 | -2147483648
   32767 |  32767 |  2147483647
(3 rows)
> select i4::int2 from ts_db.t1;
ERROR: value is out of range for type int2
SQLSTATE: 22003
> select i8::int2 from ts_db.t1;
ERROR: value is out of range for type int2
SQLSTATE: 22003
> select i8::int4 from ts_db.t1;
ERROR: value is out of range for type int4
SQLSTATE: 22003
> select b::int2 from ts_db.t1;
  b
-----
  1
  0
  0
(3 rows)
> select b::int4 from ts_db.t1;
  b
-----
  1
  0
  0
(3 rows)
> select d::int2 from ts_db.t1;
ERROR: value is out of range for type int2
SQLSTATE: 22003
> select d::int4 from ts_db.t1;
ERROR: value is out of range for type int4
SQLSTATE: 22003
> select i2::char, i4::char,i8::char, i2::nchar, i4::nchar, i8::nchar, i2::char(10), i4::char(10), i8::char(10),i2::nchar(10), i4::nchar(10), i8::nchar(10), i2::varchar, i4::varchar, i8::varchar, i2::nvarchar, i4::nvarchar, i8::nvarchar from ts_db.t1;
  i2 | i4 | i8 | i2 | i4 | i8 |   i2   |     i4     |     i8     |   i2   |     i4     |     i8     |   i2   |     i4      |          i8          |   i2   |     i4      |          i8
-----+----+----+----+----+----+--------+------------+------------+--------+------------+------------+--------+-------------+----------------------+--------+-------------+-----------------------
   0 |  0 |  0 | 0  | 0  | 0  |      0 |          0 |          0 | 0      | 0          | 0          | 0      | 0           | 0                    | 0      | 0           | 0
  -  | -  | -  | -  | -  | -  | -32768 | -214748364 | -922337203 | -32768 | -214748364 | -922337203 | -32768 | -2147483648 | -9223372036854774808 | -32768 | -2147483648 | -9223372036854774808
   3 |  2 |  9 | 3  | 2  | 9  |  32767 | 2147483647 | 9223372036 | 32767  | 2147483647 | 9223372036 | 32767  | 2147483647  | 9223372036854774807  | 32767  | 2147483647  | 9223372036854774807
(3 rows)
> select d::char, d::nchar, d::char(10), d::nchar(10),  d::varchar, d::nvarchar from ts_db.t1;
  d | d |     d      |     d      |      d      |      d
----+---+------------+------------+-------------+--------------
  0 | 0 |          0 | 0          | 0           | 0
  - | - | -9.2233720 | -9.2233720 | -9.22337203 | -9.22337203
  9 | 9 | 9.22337203 | 9.22337203 | 9.223372036 | 9.223372036
(3 rows)
> select d::float4 from ts_db.t1;
            d
--------------------------
                       0
  -9.223372036854776e+18
  9.223372036854776e+18
(3 rows)
> insert into ts_db.t1 values ('2022-01-04 11:22:33.456+08:00', '2022-01-04 11:22:33.456+08:00' , 1,1,1,1.0,1.0,'3','3','3','3.3e3','2.3e3',true,1);
INSERT 1
> insert into ts_db.t1 values ('2022-01-05 11:22:33.456+08:00', '2022-01-05 11:22:33.456+08:00' , 1,1,1,1.0,1.0,'3','3','3','3.3e-3','3.3e-3',true,1);
INSERT 1
> select c::int2, c::int4, c::int8, vc::int2, vc::int4, vc::int8 from ts_db.t1;
  c | c | c |  vc  |  vc  |  vc
----+---+---+------+------+-------
  0 | 0 | 0 |    0 |    0 |    0
  1 | 1 | 1 | 2000 | 2000 | 2000
  2 | 2 | 2 |   -2 |   -2 |   -2
  3 | 3 | 3 | 3300 | 3300 | 3300
  3 | 3 | 3 |    0 |    0 |    0
(5 rows)
> select c::float4, c::double, vc::float4, vc::double from ts_db.t1;
  c | c |   vc   |   vc
----+---+--------+---------
  0 | 0 |      0 |      0
  1 | 1 |   2000 |   2000
  2 | 2 |   -2.2 |   -2.2
  3 | 3 |   3300 |   3300
  3 | 3 | 0.0033 | 0.0033
(5 rows)
> create table ts_db.t2 (
    kt timestamp not null,
    ktz timestamptz,
    i2 int2,
    i4 int4,
    i8 int8,
    f4 float4,
    d double,
    bt varbytes,
    c char,
    nc nchar,
    vc varchar,
    nvc nvarchar,
    b bool)
    tags (t1 int2 not null) primary tags(t1);
CREATE TABLE
> insert into ts_db.t2 values ('2022-01-06 11:22:33.456+08:00', '2022-01-06 11:22:33.456+08:00' , 1,1,1641439353456,1641439353456.0,1641439353456.0,'3','3','3','2022-01-04 11:22:33.456+08:00','2022-01-04 11:22:33.456+08:00',true,1);
INSERT 1
> select vc::timestamp, vc::timestamptz, i8::timestamp, i8::timestamptz from ts_db.t2;
               vc               |              vc               |              i8               |              i8
--------------------------------+-------------------------------+-------------------------------+--------------------------------
  2022-01-04 03:22:33.456+00:00 | 2022-01-04 03:22:33.456+00:00 | 2022-01-06 03:22:33.456+00:00 | 2022-01-06 03:22:33.456+00:00
(1 row)
> select timestamp'1990-1-1 20:12:12.121'::date from ts_db.t2;
            date
-----------------------------
  1990-01-01 00:00:00+00:00
(1 row)
> set time zone 8;
SET
> select vc::timestamp, vc::timestamptz, i8::timestamp, i8::timestamptz from ts_db.t2;
               vc               |              vc               |              i8               |              i8
--------------------------------+-------------------------------+-------------------------------+--------------------------------
  2022-01-04 03:22:33.456+00:00 | 2022-01-04 11:22:33.456+08:00 | 2022-01-06 11:22:33.456+00:00 | 2022-01-06 11:22:33.456+08:00
(1 row)
> select timestamp'1990-1-1 20:12:12.121'::date from ts_db.t2;
            date
-----------------------------
  1990-01-01 00:00:00+00:00
(1 row)
> create table ts_db.t3 (
    kt timestamp not null,
    ktz timestamptz,
    ktu timestamp(6),
    ktzu timestamptz(6),
    ktn timestamp(9),
    ktzn timestamptz(9))
    tags (t1 int2 not null) primary tags(t1);
CREATE TABLE
> insert into ts_db.t3 values ('2022-01-06 11:22:33.456+08:00', '2022-01-06 11:22:33.456+08:00','2022-01-06 11:22:33.456789+08:00', '2022-01-06 11:22:33.456789+08:00','2022-01-06 11:22:33.456789012+08:00', '2022-01-06 11:22:33.456789012+08:00',1 );
INSERT 1
> insert into ts_db.t3 values ('2022-01-06 11:22:33.006+08:00', '2022-01-06 11:22:33.006+08:00','2022-01-06 11:22:33.0007+08:00', '2022-01-06 11:22:33.0007+08:00','2022-01-06 11:22:33.000009+08:00', '2022-01-06 11:22:33.000009+08:00',2 );
INSERT 1
> select kt::char, ktz::char, kt::nchar, ktz::nchar,kt::char(10), ktz::char(10), kt::nchar(10), ktz::nchar(10), kt::varchar, ktz::varchar,kt::nvarchar, ktz::nvarchar from ts_db.t3 order by t1;
  kt | ktz | kt | ktz |     kt     |    ktz     |     kt     |    ktz     |              kt               |              ktz              |              kt               |              ktz
-----+-----+----+-----+------------+------------+------------+------------+-------------------------------+-------------------------------+-------------------------------+--------------------------------
   2 |   2 | 2  | 2   | 2022-01-06 | 2022-01-06 | 2022-01-06 | 2022-01-06 | 2022-01-06 11:22:33.456+08:00 | 2022-01-06 11:22:33.456+08:00 | 2022-01-06 11:22:33.456+08:00 | 2022-01-06 11:22:33.456+08:00
   2 |   2 | 2  | 2   | 2022-01-06 | 2022-01-06 | 2022-01-06 | 2022-01-06 | 2022-01-06 11:22:33.006+08:00 | 2022-01-06 11:22:33.006+08:00 | 2022-01-06 11:22:33.006+08:00 | 2022-01-06 11:22:33.006+08:00
(2 rows)
> select ktu::char, ktzu::char, ktu::nchar, ktzu::nchar,ktu::char(10), ktzu::char(10), ktu::nchar(10), ktzu::nchar(10), ktu::varchar, ktzu::varchar,ktu::nvarchar, ktzu::nvarchar from ts_db.t3 order by t1;
  ktu | ktzu | ktu | ktzu |    ktu     |    ktzu    |    ktu     |    ktzu    |               ktu                |               ktzu               |               ktu                |               ktzu
------+------+-----+------+------------+------------+------------+------------+----------------------------------+----------------------------------+----------------------------------+-----------------------------------
    2 |    2 | 2   | 2    | 2022-01-06 | 2022-01-06 | 2022-01-06 | 2022-01-06 | 2022-01-06 11:22:33.456789+00:00 | 2022-01-06 11:22:33.456789+08:00 | 2022-01-06 11:22:33.456789+00:00 | 2022-01-06 11:22:33.456789+08:00
    2 |    2 | 2   | 2    | 2022-01-06 | 2022-01-06 | 2022-01-06 | 2022-01-06 | 2022-01-06 11:22:33.0007+00:00   | 2022-01-06 11:22:33.0007+08:00   | 2022-01-06 11:22:33.0007+00:00   | 2022-01-06 11:22:33.0007+08:00
(2 rows)
> select ktn::char, ktzn::char, ktn::nchar, ktzn::nchar,ktn::char(10), ktzn::char(10), ktn::nchar(10), ktzn::nchar(10), kt::varchar, ktzn::varchar,ktn::nvarchar, ktzn::nvarchar from ts_db.t3 order by t1;
  ktn | ktzn | ktn | ktzn |    ktn     |    ktzn    |    ktn     |    ktzn    |              kt               |                ktzn                 |                 ktn                 |                ktzn
------+------+-----+------+------------+------------+------------+------------+-------------------------------+-------------------------------------+-------------------------------------+--------------------------------------
    2 |    2 | 2   | 2    | 2022-01-06 | 2022-01-06 | 2022-01-06 | 2022-01-06 | 2022-01-06 11:22:33.456+08:00 | 2022-01-06 11:22:33.456789012+08:00 | 2022-01-06 11:22:33.456789012+00:00 | 2022-01-06 11:22:33.456789012+08:00
    2 |    2 | 2   | 2    | 2022-01-06 | 2022-01-06 | 2022-01-06 | 2022-01-06 | 2022-01-06 11:22:33.006+08:00 | 2022-01-06 11:22:33.000009+08:00    | 2022-01-06 11:22:33.000009+00:00    | 2022-01-06 11:22:33.000009+08:00
(2 rows)
> set time zone 8;
SET
> select kt::char, ktz::char, kt::nchar, ktz::nchar,kt::char(10), ktz::char(10), kt::nchar(10), ktz::nchar(10), kt::varchar, ktz::varchar,kt::nvarchar, ktz::nvarchar from ts_db.t3 order by t1;
  kt | ktz | kt | ktz |     kt     |    ktz     |     kt     |    ktz     |              kt               |              ktz              |              kt               |              ktz
-----+-----+----+-----+------------+------------+------------+------------+-------------------------------+-------------------------------+-------------------------------+--------------------------------
   2 |   2 | 2  | 2   | 2022-01-06 | 2022-01-06 | 2022-01-06 | 2022-01-06 | 2022-01-06 11:22:33.456+08:00 | 2022-01-06 11:22:33.456+08:00 | 2022-01-06 11:22:33.456+08:00 | 2022-01-06 11:22:33.456+08:00
   2 |   2 | 2  | 2   | 2022-01-06 | 2022-01-06 | 2022-01-06 | 2022-01-06 | 2022-01-06 11:22:33.006+08:00 | 2022-01-06 11:22:33.006+08:00 | 2022-01-06 11:22:33.006+08:00 | 2022-01-06 11:22:33.006+08:00
(2 rows)
> select ktu::char, ktzu::char, ktu::nchar, ktzu::nchar,ktu::char(10), ktzu::char(10), ktu::nchar(10), ktzu::nchar(10), ktu::varchar, ktzu::varchar,ktu::nvarchar, ktzu::nvarchar from ts_db.t3 order by t1;
  ktu | ktzu | ktu | ktzu |    ktu     |    ktzu    |    ktu     |    ktzu    |               ktu                |               ktzu               |               ktu                |               ktzu
------+------+-----+------+------------+------------+------------+------------+----------------------------------+----------------------------------+----------------------------------+-----------------------------------
    2 |    2 | 2   | 2    | 2022-01-06 | 2022-01-06 | 2022-01-06 | 2022-01-06 | 2022-01-06 11:22:33.456789+00:00 | 2022-01-06 11:22:33.456789+08:00 | 2022-01-06 11:22:33.456789+00:00 | 2022-01-06 11:22:33.456789+08:00
    2 |    2 | 2   | 2    | 2022-01-06 | 2022-01-06 | 2022-01-06 | 2022-01-06 | 2022-01-06 11:22:33.0007+00:00   | 2022-01-06 11:22:33.0007+08:00   | 2022-01-06 11:22:33.0007+00:00   | 2022-01-06 11:22:33.0007+08:00
(2 rows)
> select ktn::char, ktzn::char, ktn::nchar, ktzn::nchar,ktn::char(10), ktzn::char(10), ktn::nchar(10), ktzn::nchar(10), kt::varchar, ktzn::varchar,ktn::nvarchar, ktzn::nvarchar from ts_db.t3 order by t1;
  ktn | ktzn | ktn | ktzn |    ktn     |    ktzn    |    ktn     |    ktzn    |              kt               |                ktzn                 |                 ktn                 |                ktzn
------+------+-----+------+------------+------------+------------+------------+-------------------------------+-------------------------------------+-------------------------------------+--------------------------------------
    2 |    2 | 2   | 2    | 2022-01-06 | 2022-01-06 | 2022-01-06 | 2022-01-06 | 2022-01-06 11:22:33.456+08:00 | 2022-01-06 11:22:33.456789012+08:00 | 2022-01-06 11:22:33.456789012+00:00 | 2022-01-06 11:22:33.456789012+08:00
    2 |    2 | 2   | 2    | 2022-01-06 | 2022-01-06 | 2022-01-06 | 2022-01-06 | 2022-01-06 11:22:33.006+08:00 | 2022-01-06 11:22:33.000009+08:00    | 2022-01-06 11:22:33.000009+00:00    | 2022-01-06 11:22:33.000009+08:00
(2 rows)
> drop database ts_db cascade;
DROP DATABASE
> select '127'::int1;
  int1
--------
   127
(1 row)
> select '128'::int1;
ERROR: value is out of range for type int1
SQLSTATE: 22003
> select '-128'::int1;
  int1
--------
  -128
(1 row)
> select '-129'::int1;
ERROR: value is out of range for type int1
SQLSTATE: 22003
> select '32767'::int2;
  int2
---------
  32767
(1 row)
> select '32768'::int2;
ERROR: value is out of range for type int2
SQLSTATE: 22003
> select '-32768'::int2;
   int2
----------
  -32768
(1 row)
> select '-32769'::int2;
ERROR: value is out of range for type int2
SQLSTATE: 22003
> select '2147483647'::int4;
     int4
--------------
  2147483647
(1 row)
> select '2147483648'::int4;
ERROR: value is out of range for type int4
SQLSTATE: 22003
> select '-2147483648'::int4;
     int4
---------------
  -2147483648
(1 row)
> select '-2147483649'::int4;
ERROR: value is out of range for type int4
SQLSTATE: 22003
> select '9223372036854775807'::int8;
         int8
-----------------------
  9223372036854775807
(1 row)
> select '9223372036854775808'::int8;
ERROR: could not parse "9223372036854775808" as type int: strconv.ParseInt: parsing "9223372036854775808": value out of range
SQLSTATE: 22P02
> select '-9223372036854775808'::int8;
          int8
------------------------
  -9223372036854775808
(1 row)
> select '-9223372036854775809'::int8;
ERROR: could not parse "-9223372036854775809" as type int: strconv.ParseInt: parsing "-9223372036854775809": value out of range
SQLSTATE: 22P02
> select 123::bit;
  bit
-------
    1
(1 row)
> select 123::bit(5);
   bit
---------
  11011
(1 row)
> select 123::bit(10);
     bit
--------------
  0001111011
(1 row)
> select '1010'::bit(2);
  bit
-------
   10
(1 row)
> select '1010'::bit(5);
   bit
---------
  10100
(1 row)
> select '1010'::bit(10);
     bit
--------------
  1010000000
(1 row)
> select '1010'::varbit(2);
  varbit
----------
      10
(1 row)
> select '1010'::varbit(10);
  varbit
----------
    1010
(1 row)
> select string'1010'::bit(2);
  bit
-------
   10
(1 row)
> select string'1010'::bit(5);
   bit
---------
  10100
(1 row)
> select string'1010'::bit(10);
     bit
--------------
  1010000000
(1 row)
> select string'1010'::varbit(2);
  varbit
----------
      10
(1 row)
> select string'1010'::varbit(10);
  varbit
----------
    1010
(1 row)
> select 123::bool;
  bool
--------
  true
(1 row)
> select 1::bool;
  bool
--------
  true
(1 row)
> select 0::bool;
  bool
---------
  false
(1 row)
> select timestamp'2025-04-29 12:12:12'::float;
      float8
-------------------
  1.745928732e+12
(1 row)
> select timestamp'1970-01-01 00:00:12'::float;
  float8
----------
   12000
(1 row)
> select timestamp'1970-01-01 00:00:00.001'::float;
  float8
----------
       1
(1 row)
> select interval'1day'::float;
  float8
----------
   86400
(1 row)
> select interval'1s'::float;
  float8
----------
       1
(1 row)
> select 'abc'::string(2);
  text
--------
  ab
(1 row)
> select 'hello'::string(20);
  text
---------
  hello
(1 row)
> select 'abc'::bytes;
   bytea
------------
  \x616263
(1 row)
> select 'abc'::varbytes;
  varbytea
------------
  \x616263
(1 row)
> select 'abc'::varbytes(2);
  varbytea
------------
  \x6162
(1 row)
> select 'hello'::varbytes(4);
   varbytea
--------------
  \x68656c6c
(1 row)
> select 1::date;
            date
-----------------------------
  1970-01-02 00:00:00+00:00
(1 row)
> select 123::date;
            date
-----------------------------
  1970-05-04 00:00:00+00:00
(1 row)
> select timestamp'2025-04-29 12:12:12'::date;
            date
-----------------------------
  2025-04-29 00:00:00+00:00
(1 row)
> select timestamp'1970-01-01 00:00:12'::date;
            date
-----------------------------
  1970-01-01 00:00:00+00:00
(1 row)
> select timestamp'1970-01-01 00:00:00.001'::date;
            date
-----------------------------
  1970-01-01 00:00:00+00:00
(1 row)
> select timestamp'2025-04-29 12:12:12'::time;
            time
-----------------------------
  0000-01-01 12:12:12+00:00
(1 row)
> select timestamp'1970-01-01 00:00:12'::time;
            time
-----------------------------
  0000-01-01 00:00:12+00:00
(1 row)
> select timestamp'1970-01-01 00:00:00.001'::time;
              time
---------------------------------
  0000-01-01 00:00:00.001+00:00
(1 row)
> select interval'1day'::time;
            time
-----------------------------
  0000-01-01 00:00:00+00:00
(1 row)
> select interval'1s'::time;
            time
-----------------------------
  0000-01-01 00:00:01+00:00
(1 row)
> select interval'1hour'::time;
            time
-----------------------------
  0000-01-01 01:00:00+00:00
(1 row)
> select interval'1month2day3hour4s'::time;
            time
-----------------------------
  0000-01-01 03:00:04+00:00
(1 row)
> select int64'9223372036854775807'::timestamp;
              timestamp
--------------------------------------
  292278994-08-17 07:12:55.807+00:00
(1 row)
> select int64'-9223372036854775808'::timestamp;
               timestamp
---------------------------------------
  -292275055-05-16 16:47:04.192+00:00
(1 row)
> select int64'9223372036854775807'::timestamptz;
             timestamptz
--------------------------------------
  292278994-08-17 15:12:55.807+08:00
(1 row)
> select int64'-9223372036854775808'::timestamptz;
              timestamptz
---------------------------------------
  -292275055-05-17 00:47:04.192+08:00
(1 row)
