> create ts database test_geometry;
CREATE TS DATABASE
> create table test_geometry.tb(k_timestamptz timestamptz not null ,e1 geometry , e2  geometry ) tags(tag1 int not null) primary  tags(tag1);
CREATE TABLE
> insert into test_geometry.tb values('2023-05-01 10:11', 'Polygon((0 0,1 1,60 90,0 0))','Polygon((1 1,60 90,0 0,1 1))',1);
INSERT 1
> insert into test_geometry.tb values('2023-05-01 10:12', 'Polygon((-1 -1,0.0 0.0,0 -1,-1 -1))','Polygon((0 -1,1 1,1000 1000,0 -1))',2);
INSERT 1
> insert into test_geometry.tb values('2023-05-01 10:13', 'Polygon((-32768 -1,1 32768,0.0 0.0,-32768 -1))','Polygon((0 -1,1000 1000,0 32767,0 -1))',3);
INSERT 1
> insert into test_geometry.tb values('2023-05-01 10:14', 'Polygon((-1 -1,0 32767,0 2147483647,-2147483648 -2147483648,-1 -1))','Polygon((0 32767,0 2147483647,-1 -1,0.0 0.0,0 32767))',4);
INSERT 1
> insert into test_geometry.tb values('2023-05-01 10:15', 'Polygon((-2147483648 -2147483648,0 2147483647,0.0 0.0,-2147483648 -2147483648))','Polygon((60 90,0 2147483647,-2147483648 -214748364,60 90))',5);
INSERT 1
> insert into test_geometry.tb values('2023-05-01 10:16', 'Polygon((-9223372036854775807 -1,0 9223372036854775807,0.0,-9223372036854775807 -1))','Polygon((0 -2000.2022,0 9223372036854775807,-9223372036854775807 -1,0 -2000.2022))',6);
ERROR: value 'Polygon((-9223372036854775807 -1,0 9223372036854775807,0.0,-9223372036854775807 -1))' is invalid for type GEOMETRY (column e1)
SQLSTATE: 22000
> insert into test_geometry.tb values('2023-05-01 10:17', 'Polygon((1000.101156789 0,0 -2000.2022,60 90,1000.101156789 0))','Polygon((0 -2000.2022,1000.101156789 1000.101156789,-32767.111156 -1,0 -2000.2022))',7);
INSERT 1
> insert into test_geometry.tb values('2023-05-01 10:18', 'Polygon((-32767.111156 -1,0 -32767.111156,-1.0000000 -1.0000,-32767.111156 -1))','Polygon((0 -32767.111156,-32767.111156 -1,1000 1000,0 -32767.111156))',8);
INSERT 1
> insert into test_geometry.tb values('2023-05-01 10:19', 'Polygon((1.2345678911111 -1,0 2147483646.6789,1.435243 7.673421,1.2345678911111 -1))','Polygon((0 2147483646.6789,1.2345678911111 -1,1.435243 7.673421,0 2147483646.6789))',9);
INSERT 1
> insert into test_geometry.tb values('2023-05-01 10:20', 'Polygon((-1.0000000 -1.0000,0 9223372036854775806.12345,600000.606066666 9223372036854775806.12345,-1.0000000 -1.0000))','Polygon((0 9223372036854775806.12345,-1.0000000 -1.0000,1.435243 7.673421,0 9223372036854775806.12345))',10);
INSERT 1
> insert into test_geometry.tb values('2023-05-01 10:22', 'Polygon((0 0,1 1,2 3,3 3,4 4,5 5,6 6,9 9,111 445,999 999999,0 0))','Polygon((0.0 0.0,1.0 2.0,3.0 4.0,5.0 5.0,6.0 7.0,8.0 9.0,11.0 15.0,45.0 22.0,0.1111 0.0,9.0 0.0,0.0 0.0))',1);
INSERT 1
> select * from test_geometry.tb order by k_timestamptz;
        k_timestamptz       |                                                           e1                                                            |                                                    e2                                                     | tag1
----------------------------+-------------------------------------------------------------------------------------------------------------------------+-----------------------------------------------------------------------------------------------------------+-------
  2023-05-01 10:11:00+00:00 | Polygon((0 0,1 1,60 90,0 0))                                                                                            | Polygon((1 1,60 90,0 0,1 1))                                                                              |    1
  2023-05-01 10:12:00+00:00 | Polygon((-1 -1,0.0 0.0,0 -1,-1 -1))                                                                                     | Polygon((0 -1,1 1,1000 1000,0 -1))                                                                        |    2
  2023-05-01 10:13:00+00:00 | Polygon((-32768 -1,1 32768,0.0 0.0,-32768 -1))                                                                          | Polygon((0 -1,1000 1000,0 32767,0 -1))                                                                    |    3
  2023-05-01 10:14:00+00:00 | Polygon((-1 -1,0 32767,0 2147483647,-2147483648 -2147483648,-1 -1))                                                     | Polygon((0 32767,0 2147483647,-1 -1,0.0 0.0,0 32767))                                                     |    4
  2023-05-01 10:15:00+00:00 | Polygon((-2147483648 -2147483648,0 2147483647,0.0 0.0,-2147483648 -2147483648))                                         | Polygon((60 90,0 2147483647,-2147483648 -214748364,60 90))                                                |    5
  2023-05-01 10:17:00+00:00 | Polygon((1000.101156789 0,0 -2000.2022,60 90,1000.101156789 0))                                                         | Polygon((0 -2000.2022,1000.101156789 1000.101156789,-32767.111156 -1,0 -2000.2022))                       |    7
  2023-05-01 10:18:00+00:00 | Polygon((-32767.111156 -1,0 -32767.111156,-1.0000000 -1.0000,-32767.111156 -1))                                         | Polygon((0 -32767.111156,-32767.111156 -1,1000 1000,0 -32767.111156))                                     |    8
  2023-05-01 10:19:00+00:00 | Polygon((1.2345678911111 -1,0 2147483646.6789,1.435243 7.673421,1.2345678911111 -1))                                    | Polygon((0 2147483646.6789,1.2345678911111 -1,1.435243 7.673421,0 2147483646.6789))                       |    9
  2023-05-01 10:20:00+00:00 | Polygon((-1.0000000 -1.0000,0 9223372036854775806.12345,600000.606066666 9223372036854775806.12345,-1.0000000 -1.0000)) | Polygon((0 9223372036854775806.12345,-1.0000000 -1.0000,1.435243 7.673421,0 9223372036854775806.12345))   |   10
  2023-05-01 10:22:00+00:00 | Polygon((0 0,1 1,2 3,3 3,4 4,5 5,6 6,9 9,111 445,999 999999,0 0))                                                       | Polygon((0.0 0.0,1.0 2.0,3.0 4.0,5.0 5.0,6.0 7.0,8.0 9.0,11.0 15.0,45.0 22.0,0.1111 0.0,9.0 0.0,0.0 0.0)) |    1
(10 rows)
> select ST_Distance(e1,e2) from test_geometry.tb order by k_timestamptz;
  st_distance
---------------
            0
            0
            0
            0
            0
            0
            0
            0
            0
            0
(10 rows)
> drop table test_geometry.tb;
DROP TABLE
> drop database test_geometry CASCADE;
DROP DATABASE
