> use gbk_impexp_big5;
SET
> select * from gbk_impexp_big5.deftb order by k_timestamp;
         k_timestamp        |  e1  |  e2  |  e3  |      e4      |         e5         |  e6   |  e7  |  e8  |     e9     |         e10         | tag1 | tag2 | tag3 |    tag4     |       tag5        | tag6 | tag7 | tag8 | tag9 |       tag10
----------------------------+------+------+------+--------------+--------------------+-------+------+------+------------+---------------------+------+------+------+-------------+-------------------+------+------+------+------+---------------------
  2024-01-01 00:00:02+00:00 |  500 |  324 |  821 | -3514.273438 |  2907.959323289191 | false | g    | R    | \x39       |  1942.0105699072847 |  865 |  577 |  987 | -6812.10791 | 5215.895202662417 | true | U    | i    | \x45 | -6363.044280492493
  2024-01-01 00:00:03+00:00 |  666 |  119 |  807 |   9944.78125 | -7359.134805999276 | true  | A    | H    | \x62797465 | -238.10581074656693 |  865 |  577 |  987 | -6812.10791 | 5215.895202662417 | true | U    | i    | \x45 | -6363.044280492493
  2024-01-01 00:00:05+00:00 | NULL | NULL | NULL | NULL         | NULL               | NULL  | NULL | NULL | NULL       | NULL                |  865 |  577 |  987 | -6812.10791 | 5215.895202662417 | true | U    | i    | \x45 | -6363.044280492493
(3 rows)
> EXPORT INTO CSV "nodelocal://1/db/BIG5/" from database gbk_impexp_big5 with charset = "BIG5";
  result
-----------
  succeed
(1 row)
> use defaultdb;
SET
> drop database gbk_impexp_big5 cascade;
DROP DATABASE
> IMPORT DATABASE CSV data ("nodelocal://1/db/BIG5/") with charset = "BIG5";
  job_id |  status   | fraction_completed | rows | abandon_rows | reject_rows | note
---------+-----------+--------------------+------+--------------+-------------+-------
  -      | succeeded |                  1 |    3 | 0            | 0           | None
(1 row)
> select * from gbk_impexp_big5.deftb order by k_timestamp;
         k_timestamp        |  e1  |  e2  |  e3  |      e4      |         e5         |  e6   |  e7  |  e8  |     e9     |         e10         | tag1 | tag2 | tag3 |    tag4     |       tag5        | tag6 | tag7 | tag8 | tag9 |       tag10
----------------------------+------+------+------+--------------+--------------------+-------+------+------+------------+---------------------+------+------+------+-------------+-------------------+------+------+------+------+---------------------
  2024-01-01 00:00:02+00:00 |  500 |  324 |  821 | -3514.273438 |  2907.959323289191 | false | g    | R    | \x39       |  1942.0105699072847 |  865 |  577 |  987 | -6812.10791 | 5215.895202662417 | true | U    | i    | \x45 | -6363.044280492493
  2024-01-01 00:00:03+00:00 |  666 |  119 |  807 |   9944.78125 | -7359.134805999276 | true  | A    | H    | \x62797465 | -238.10581074656693 |  865 |  577 |  987 | -6812.10791 | 5215.895202662417 | true | U    | i    | \x45 | -6363.044280492493
  2024-01-01 00:00:05+00:00 | NULL | NULL | NULL | NULL         | NULL               | NULL  | NULL | NULL | NULL       | NULL                |  865 |  577 |  987 | -6812.10791 | 5215.895202662417 | true | U    | i    | \x45 | -6363.044280492493
(3 rows)
> use defaultdb;
SET
> drop database gbk_impexp_big5 cascade;
DROP DATABASE
