> CREATE TS DATABASE test_impexp;
CREATE TS DATABASE
> use test_impexp;
SET
> CREATE TABLE test_impexp.ds_tb(
k_timestamp timestamptz not null,
e1 int2 not null,
e2 int,
e3 int8 not null,
e4 float4,
e5 float8 not null,
e6 bool,
e7 timestamptz not null,
e8 char(1023),
e9 nchar(255) not null,
e10 nchar(200),
e11 char not null,
e12 nchar(200),
e13 nchar not null,
e14 nchar(200),
e15 nchar(200) not null,
e16 varbytes,
e17 nchar(200) not null,
e18 nchar(200),e19 varbytes not null,
e20 varbytes,
e21 varbytes not null,
e22 varbytes,
e23 varchar not null,
e24 nvarchar
) ATTRIBUTES (code1 int2 not null,code2 int,code3 int8,flag BOOL not null,val1 float4,val2 float8,location nchar(200),color nchar(200) not null,name varbytes,state varbytes,tall varbytes,screen varbytes,age CHAR,sex CHAR(1023),year NCHAR,type NCHAR(254)) primary tags(code1,flag,color);
CREATE TABLE
> INSERT INTO test_impexp.ds_tb values('2023-12-12 12:00:00.000+00:00',1,1000000,1000,6000.0000,100.0,true,'2020-1-7 12:00:00.000',E'\"" 转义符测试',E'\\ 转义符测试2',E'\""包围符测试前1 包围符测试后 \""','t',E'\'包围符测试前2，包围符测试后\' ','中',E'\""包围符测试前',E'包围符测试后\""',E'\'包围符测试前',E'包围符测试后\'','test时间精度通用查询测试！！！@TEST1',b'\xaa','test时间精度通用查询测试',',包围符后通用查询测试','test时间精度通用查询测试', '测试test11111', '测试变长123', 1, 2, 3, false, 1.1, 1.2,'a', E'转义符\""', 'T','China', 'a', 'b', '1', '女', '1', 'pria');
INSERT 1
> INSERT INTO test_impexp.ds_tb values('2023-12-12 12:10:00.000+00:00',1,1000000,1000,6000.0000,100.0,true,'2020-1-7 12:00:00.000',E'\" 转义符测试',E'\\ 转义符测试2',E'\"包围符测试前 包围符测试后 \"','t',E'\'包围符测试前，包围符测试后\'','中',E'\"包围符测试前',E'包围符测试后\"',E'\'包围符测试前',E'包围符测试后\'','test时间精度通用查询测试！！！@TEST1',b'\xaa','test时间精度通用查询测试',',包围符后通用查询测试','test时间精度通用查询测试', '测试test11111', '测试变长123', 1, 2, 3, false, 1.1, 1.2,'a', E'转义符\\', 'T','China', 'a', 'b', '1', '女', '1', 'pria');
INSERT 1
> INSERT INTO test_impexp.ds_tb values('2023-12-12 12:11:00.000+00:00',1,1000000,1000,6000.0000,100.0,true,'2020-1-7 12:00:00.000',E'\" 转义符测试',E'\\ 转义符测试2',E'\"包围符测试前 包围符测试后 \"','t',E'\'包围符测试前，包围符测试后\'','中',E'\"包围符测试前',E'包围符测试后\"',E'\'包围符测试前',E'包围符测试后\'','test时间精度通用查询测试！！！@TEST1',b'\xaa','test时间精度通用查询测试',',包围符后通用查询测试','test时间精度通用查询测试', '测试test11111', '测试变长123', 1, 2, 3, false, 1.1, 1.2,E'\"包围符前，包围符后\"', E'转义符\\ 11', 'T','China', 'a', 'b', '1', '女', '1', 'pria');
INSERT 1
> INSERT INTO test_impexp.ds_tb values('2023-12-12 12:12:00.000+00:00',1,1000000,1000,6000.0000,100.0,true,'2020-1-7 12:00:00.000',E'\" 转义符测试',E'\\ 转义符测试2',E'\"包围符测试前 包围符测试后 \"','t',E'\'包围符测试前，包围符测试后\'','中',E'\"包围符测试前',E'包围符测试后\"',E'\'包围符测试前',E'包围符测试后\'','test时间精度通用查询测试！！！@TEST1',b'\xaa','test时间精度通用查询测试',',包围符后通用查询测试','test时间精度通用查询测试', '测试test11111', '测试变长123', 1, 2, 3, false, 1.1, 1.2,E'\'包围符前', E'包围符后\'', 'T','China', 'a', 'b', '1', '女', '1', 'pria');
INSERT 1
> INSERT INTO test_impexp.ds_tb values('2023-12-12 12:13:00.000+00:00',1,1000000,1000,6000.0000,100.0,true,'2020-1-7 12:00:00.000',E'\" 转义符测试',E'\\ 转义符测试2',E'\"包围符测试前 包围符测试后 \"','t',E'\'包围符测试前，包围符测试后\'','中',E'\"包围符测试前',E'包围符测试后\"',E'\'包围符测试前',E'包围符测试后\'','test时间精度通用查询测试！！！@TEST1',b'\xaa','test时间精度通用查询测试',',包围符后通用查询测试','test时间精度通用查询测试', '测试test11111', '测试变长123', 1, 2, 3, false, 1.1, 1.2,E'\"包围符前', E'包围符后\"', 'T','China', 'a', 'b', '1', '女', '1', 'pria');
INSERT 1
> CREATE TABLE test_impexp.tb1(
k_timestamp timestamptz not null,
e1 int2 not null,
e2 int,
e3 int8 not null,
e4 float4,
e5 float8 not null,
e6 bool,
e7 timestamptz not null,
e8 char(1023),
e9 nchar(255) not null,
e10 nchar(200),
e11 char not null,
e12 nchar(200),
e13 nchar not null,
e14 nchar(200),
e15 nchar(200) not null,
e16 varbytes,
e17 nchar(200) not null,
e18 nchar(200),e19 varbytes not null,
e20 varbytes,
e21 varbytes not null,
e22 varbytes,
e23 varchar not null,
e24 nvarchar
) ATTRIBUTES (code1 int2 not null,code2 int,code3 int8,flag BOOL not null,val1 float4,val2 float8,location nchar(200),color nchar(200) not null,name varbytes,state varbytes,tall varbytes,screen varbytes,age CHAR,sex CHAR(1023),year NCHAR,type NCHAR(254)) primary tags(code1,flag,color);
CREATE TABLE
> EXPORT INTO CSV "nodelocal://1/export_column/test_1/" FROM SELECT * from test_impexp.ds_tb;
  result
-----------
  succeed
(1 row)
> IMPORT INTO test_impexp.tb1 CSV DATA ("nodelocal://1/export_column/test_1/");
  job_id |  status   | fraction_completed | rows | abandon_rows | reject_rows | note
---------+-----------+--------------------+------+--------------+-------------+-------
  -      | succeeded |                  1 |    5 | 0            | 0           | None
(1 row)
> SELECT * FROM test_impexp.tb1 ORDER BY k_timestamp;
         k_timestamp        | e1 |   e2    |  e3  |  e4  | e5  |  e6  |            e7             |      e8       |      e9       |               e10               | e11 |              e12               | e13 |      e14       |      e15       |                   e16                    |      e17      |                 e18                  | e19  |                                  e20                                   |                               e21                                |                                  e22                                   |      e23      |     e24     | code1 | code2 | code3 | flag  | val1 | val2 |       location       |   color    | name |    state     | tall | screen | age | sex | year | type
----------------------------+----+---------+------+------+-----+------+---------------------------+---------------+---------------+---------------------------------+-----+--------------------------------+-----+----------------+----------------+------------------------------------------+---------------+--------------------------------------+------+------------------------------------------------------------------------+------------------------------------------------------------------+------------------------------------------------------------------------+---------------+-------------+-------+-------+-------+-------+------+------+----------------------+------------+------+--------------+------+--------+-----+-----+------+-------
  2023-12-12 12:00:00+00:00 |  1 | 1000000 | 1000 | 6000 | 100 | true | 2020-01-07 12:00:00+00:00 | "" 转义符测试 | \ 转义符测试2 | ""包围符测试前1 包围符测试后 "" | t   | '包围符测试前2，包围符测试后'  | 中  | ""包围符测试前 | 包围符测试后"" | \x27e58c85e59bb4e7aca6e6b58be8af95e5898d | 包围符测试后' | test时间精度通用查询测试！！！@TEST1 | \xaa | \x74657374e697b6e997b4e7b2bee5baa6e9809ae794a8e69fa5e8afa2e6b58be8af95 | \x2ce58c85e59bb4e7aca6e5908ee9809ae794a8e69fa5e8afa2e6b58be8af95 | \x74657374e697b6e997b4e7b2bee5baa6e9809ae794a8e69fa5e8afa2e6b58be8af95 | 测试test11111 | 测试变长123 |     1 |     2 |     3 | false |  1.1 |  1.2 | a                    | 转义符""   | \x54 | \x4368696e61 | \x61 | \x62   |   1 | 女  | 1    | pria
  2023-12-12 12:10:00+00:00 |  1 | 1000000 | 1000 | 6000 | 100 | true | 2020-01-07 12:00:00+00:00 | " 转义符测试  | \ 转义符测试2 | "包围符测试前 包围符测试后 "    | t   | '包围符测试前，包围符测试后'   | 中  | "包围符测试前  | 包围符测试后"  | \x27e58c85e59bb4e7aca6e6b58be8af95e5898d | 包围符测试后' | test时间精度通用查询测试！！！@TEST1 | \xaa | \x74657374e697b6e997b4e7b2bee5baa6e9809ae794a8e69fa5e8afa2e6b58be8af95 | \x2ce58c85e59bb4e7aca6e5908ee9809ae794a8e69fa5e8afa2e6b58be8af95 | \x74657374e697b6e997b4e7b2bee5baa6e9809ae794a8e69fa5e8afa2e6b58be8af95 | 测试test11111 | 测试变长123 |     1 |     2 |     3 | false |  1.1 |  1.2 | a                    | 转义符\    | \x54 | \x4368696e61 | \x61 | \x62   |   1 | 女  | 1    | pria
  2023-12-12 12:11:00+00:00 |  1 | 1000000 | 1000 | 6000 | 100 | true | 2020-01-07 12:00:00+00:00 | " 转义符测试  | \ 转义符测试2 | "包围符测试前 包围符测试后 "    | t   | '包围符测试前，包围符测试后'   | 中  | "包围符测试前  | 包围符测试后"  | \x27e58c85e59bb4e7aca6e6b58be8af95e5898d | 包围符测试后' | test时间精度通用查询测试！！！@TEST1 | \xaa | \x74657374e697b6e997b4e7b2bee5baa6e9809ae794a8e69fa5e8afa2e6b58be8af95 | \x2ce58c85e59bb4e7aca6e5908ee9809ae794a8e69fa5e8afa2e6b58be8af95 | \x74657374e697b6e997b4e7b2bee5baa6e9809ae794a8e69fa5e8afa2e6b58be8af95 | 测试test11111 | 测试变长123 |     1 |     2 |     3 | false |  1.1 |  1.2 | "包围符前，包围符后" | 转义符\ 11 | \x54 | \x4368696e61 | \x61 | \x62   |   1 | 女  | 1    | pria
  2023-12-12 12:12:00+00:00 |  1 | 1000000 | 1000 | 6000 | 100 | true | 2020-01-07 12:00:00+00:00 | " 转义符测试  | \ 转义符测试2 | "包围符测试前 包围符测试后 "    | t   | '包围符测试前，包围符测试后'   | 中  | "包围符测试前  | 包围符测试后"  | \x27e58c85e59bb4e7aca6e6b58be8af95e5898d | 包围符测试后' | test时间精度通用查询测试！！！@TEST1 | \xaa | \x74657374e697b6e997b4e7b2bee5baa6e9809ae794a8e69fa5e8afa2e6b58be8af95 | \x2ce58c85e59bb4e7aca6e5908ee9809ae794a8e69fa5e8afa2e6b58be8af95 | \x74657374e697b6e997b4e7b2bee5baa6e9809ae794a8e69fa5e8afa2e6b58be8af95 | 测试test11111 | 测试变长123 |     1 |     2 |     3 | false |  1.1 |  1.2 | '包围符前            | 包围符后'  | \x54 | \x4368696e61 | \x61 | \x62   |   1 | 女  | 1    | pria
  2023-12-12 12:13:00+00:00 |  1 | 1000000 | 1000 | 6000 | 100 | true | 2020-01-07 12:00:00+00:00 | " 转义符测试  | \ 转义符测试2 | "包围符测试前 包围符测试后 "    | t   | '包围符测试前，包围符测试后'   | 中  | "包围符测试前  | 包围符测试后"  | \x27e58c85e59bb4e7aca6e6b58be8af95e5898d | 包围符测试后' | test时间精度通用查询测试！！！@TEST1 | \xaa | \x74657374e697b6e997b4e7b2bee5baa6e9809ae794a8e69fa5e8afa2e6b58be8af95 | \x2ce58c85e59bb4e7aca6e5908ee9809ae794a8e69fa5e8afa2e6b58be8af95 | \x74657374e697b6e997b4e7b2bee5baa6e9809ae794a8e69fa5e8afa2e6b58be8af95 | 测试test11111 | 测试变长123 |     1 |     2 |     3 | false |  1.1 |  1.2 | "包围符前            | 包围符后"  | \x54 | \x4368696e61 | \x61 | \x62   |   1 | 女  | 1    | pria
(5 rows)
> SELECT k_timestamp FROM test_impexp.tb1 ORDER BY k_timestamp;
         k_timestamp
-----------------------------
  2023-12-12 12:00:00+00:00
  2023-12-12 12:10:00+00:00
  2023-12-12 12:11:00+00:00
  2023-12-12 12:12:00+00:00
  2023-12-12 12:13:00+00:00
(5 rows)
> DROP TABLE test_impexp.tb1;
DROP TABLE
> CREATE TABLE test_impexp.tb1 (k_timestamp timestamptz not null, e1 int2 not null, e2 int2) tags (code1 int2 not null) primary tags (code1);
CREATE TABLE
> EXPORT INTO CSV "nodelocal://1/export_column/test_2/" FROM SELECT k_timestamp, e1, code1 FROM test_impexp.ds_tb;
  result
-----------
  succeed
(1 row)
> IMPORT INTO test_impexp.tb1(k_timestamp, e1, code1) CSV DATA ("nodelocal://1/export_column/test_2/");
  job_id |  status   | fraction_completed | rows | abandon_rows | reject_rows | note
---------+-----------+--------------------+------+--------------+-------------+-------
  -      | succeeded |                  1 |    5 | 0            | 0           | None
(1 row)
> SELECT * FROM test_impexp.tb1 ORDER BY k_timestamp;
         k_timestamp        | e1 |  e2  | code1
----------------------------+----+------+--------
  2023-12-12 12:00:00+00:00 |  1 | NULL |     1
  2023-12-12 12:10:00+00:00 |  1 | NULL |     1
  2023-12-12 12:11:00+00:00 |  1 | NULL |     1
  2023-12-12 12:12:00+00:00 |  1 | NULL |     1
  2023-12-12 12:13:00+00:00 |  1 | NULL |     1
(5 rows)
> SELECT k_timestamp FROM test_impexp.tb1 ORDER BY k_timestamp;
         k_timestamp
-----------------------------
  2023-12-12 12:00:00+00:00
  2023-12-12 12:10:00+00:00
  2023-12-12 12:11:00+00:00
  2023-12-12 12:12:00+00:00
  2023-12-12 12:13:00+00:00
(5 rows)
> DROP TABLE test_impexp.tb1;
DROP TABLE
> CREATE TABLE test_impexp.tb1 (k_timestamp timestamptz not null, e1 char(1023), e2 varchar) tags (code1 int2 not null, code2 bool) PRIMARY tags (code1);
CREATE TABLE
> EXPORT INTO CSV "nodelocal://1/export_column/test_3/" FROM SELECT k_timestamp, e12, e1 FROM test_impexp.ds_tb;
  result
-----------
  succeed
(1 row)
> IMPORT INTO test_impexp.tb1(k_timestamp, e1, code1) CSV DATA ("nodelocal://1/export_column/test_3/");
  job_id |  status   | fraction_completed | rows | abandon_rows | reject_rows | note
---------+-----------+--------------------+------+--------------+-------------+-------
  -      | succeeded |                  1 |    5 | 0            | 0           | None
(1 row)
> SELECT * FROM test_impexp.tb1 ORDER BY k_timestamp;
         k_timestamp        |               e1               |  e2  | code1 | code2
----------------------------+--------------------------------+------+-------+--------
  2023-12-12 12:00:00+00:00 | '包围符测试前2，包围符测试后'  | NULL |     1 | NULL
  2023-12-12 12:10:00+00:00 | '包围符测试前，包围符测试后'   | NULL |     1 | NULL
  2023-12-12 12:11:00+00:00 | '包围符测试前，包围符测试后'   | NULL |     1 | NULL
  2023-12-12 12:12:00+00:00 | '包围符测试前，包围符测试后'   | NULL |     1 | NULL
  2023-12-12 12:13:00+00:00 | '包围符测试前，包围符测试后'   | NULL |     1 | NULL
(5 rows)
> SELECT k_timestamp FROM test_impexp.tb1 ORDER BY k_timestamp;
         k_timestamp
-----------------------------
  2023-12-12 12:00:00+00:00
  2023-12-12 12:10:00+00:00
  2023-12-12 12:11:00+00:00
  2023-12-12 12:12:00+00:00
  2023-12-12 12:13:00+00:00
(5 rows)
> DROP TABLE test_impexp.tb1 ;
DROP TABLE
> CREATE TABLE test_impexp.tb1 (k_timestamp timestamptz not null, e1 int2, e2 float, e3 bool) tags (code1 int2 not null,code2 int,code3 int8,flag BOOL not null,val1 float4,val2 float8,location nchar(200),color nchar(200) not null,name varbytes,state varbytes,tall varbytes,screen varbytes,age CHAR,sex CHAR(1023),year NCHAR,type NCHAR(254)) primary tags(code1,flag,color);
CREATE TABLE
> EXPORT INTO CSV "nodelocal://1/export_column/test_4/" FROM SELECT k_timestamp, code1, code2, code3, flag, val1, val2, location, color, name, state, tall, screen, age, sex, year, type FROM test_impexp.ds_tb;
  result
-----------
  succeed
(1 row)
> IMPORT INTO test_impexp.tb1(k_timestamp, code1, code2, code3, flag, val1, val2, location, color, name, state, tall, screen, age, sex, year, type) CSV DATA ("nodelocal://1/export_column/test_4");
  job_id |  status   | fraction_completed | rows | abandon_rows | reject_rows | note
---------+-----------+--------------------+------+--------------+-------------+-------
  -      | succeeded |                  1 |    5 | 0            | 0           | None
(1 row)
> SELECT * FROM test_impexp.tb1 order by k_timestamp;
         k_timestamp        |  e1  |  e2  |  e3  | code1 | code2 | code3 | flag  | val1 | val2 |       location       |   color    | name |    state     | tall | screen | age | sex | year | type
----------------------------+------+------+------+-------+-------+-------+-------+------+------+----------------------+------------+------+--------------+------+--------+-----+-----+------+-------
  2023-12-12 12:00:00+00:00 | NULL | NULL | NULL |     1 |     2 |     3 | false |  1.1 |  1.2 | a                    | 转义符""   | \x54 | \x4368696e61 | \x61 | \x62   |   1 | 女  | 1    | pria
  2023-12-12 12:10:00+00:00 | NULL | NULL | NULL |     1 |     2 |     3 | false |  1.1 |  1.2 | a                    | 转义符\    | \x54 | \x4368696e61 | \x61 | \x62   |   1 | 女  | 1    | pria
  2023-12-12 12:11:00+00:00 | NULL | NULL | NULL |     1 |     2 |     3 | false |  1.1 |  1.2 | "包围符前，包围符后" | 转义符\ 11 | \x54 | \x4368696e61 | \x61 | \x62   |   1 | 女  | 1    | pria
  2023-12-12 12:12:00+00:00 | NULL | NULL | NULL |     1 |     2 |     3 | false |  1.1 |  1.2 | '包围符前            | 包围符后'  | \x54 | \x4368696e61 | \x61 | \x62   |   1 | 女  | 1    | pria
  2023-12-12 12:13:00+00:00 | NULL | NULL | NULL |     1 |     2 |     3 | false |  1.1 |  1.2 | "包围符前            | 包围符后"  | \x54 | \x4368696e61 | \x61 | \x62   |   1 | 女  | 1    | pria
(5 rows)
> select k_timestamp from test_impexp.tb1 order by k_timestamp;
         k_timestamp
-----------------------------
  2023-12-12 12:00:00+00:00
  2023-12-12 12:10:00+00:00
  2023-12-12 12:11:00+00:00
  2023-12-12 12:12:00+00:00
  2023-12-12 12:13:00+00:00
(5 rows)
> drop table test_impexp.tb1;
DROP TABLE
> create table test_impexp.tb1 (k_timestamp timestamptz not null, e1 int2 , e2 float, e3 varchar) tags (code1 int2 not null, code2 bool) primary tags (code1);
CREATE TABLE
> export into csv "nodelocal://1/export_column/test_5/" from select a,b,c from test_impexp.ds_tb;
ERROR: column "a" does not exist
SQLSTATE: 42703
> export into csv "nodelocal://1/export_column/test_5" from select k_timestamp, e1, e2, e11, code1 from test_impexp.ds_tb;
  result
-----------
  succeed
(1 row)
> import into test_impexp.tb1(k_timestamp, a, b, c) csv data ("nodelocal://1/export_column/test_5/");
ERROR: target column a is not in table tb1
> import into test_impexp.tb1(k_timestamp,e2,e1,e3,code1) csv data ("nodelocal://1/export_column/test_5");
  job_id |  status   | fraction_completed | rows | abandon_rows | reject_rows |                        note
---------+-----------+--------------------+------+--------------+-------------+-----------------------------------------------------
  -      | succeeded |                  1 |    0 | 0            | 5           | There is a REJECT FILE, please read and resolve it
(1 row)
> select * from test_impexp.tb1 order by k_timestamp;
  k_timestamp | e1 | e2 | e3 | code1 | code2
--------------+----+----+----+-------+--------
(0 rows)
> select k_timestamp from test_impexp.tb1 order by k_timestamp;
  k_timestamp
---------------
(0 rows)
> drop table test_impexp.tb1;
DROP TABLE
> create table test_impexp.tb1 (k_timestamp timestamptz not null, e1 float4, e2 float, e3 int2) tags (code1 int2 not null , code2 bool) primary tags(code1);
CREATE TABLE
> export into csv "nodelocal://1/export_column/test_6/" from select k_timestamp, e1, e4, e5, e1, e6 from test_impexp.ds_tb;
  result
-----------
  succeed
(1 row)
> import into test_impexp.tb1 (k_timestamp,e3,e3,e3,code1,code2) csv data ("nodelocal://1/export_column/test_6/");
ERROR: multiple assignments to the same column e3
> import into test_impexp.tb1(k_timestamp,e3,e2,e1,code1,code2) csv data("nodelocal://1/export_column/test_6/");
  job_id |  status   | fraction_completed | rows | abandon_rows | reject_rows | note
---------+-----------+--------------------+------+--------------+-------------+-------
  -      | succeeded |                  1 |    5 | 0            | 0           | None
(1 row)
> select * from test_impexp.tb1 order by k_timestamp;
         k_timestamp        | e1  |  e2  | e3 | code1 | code2
----------------------------+-----+------+----+-------+--------
  2023-12-12 12:00:00+00:00 | 100 | 6000 |  1 |     1 | true
  2023-12-12 12:10:00+00:00 | 100 | 6000 |  1 |     1 | true
  2023-12-12 12:11:00+00:00 | 100 | 6000 |  1 |     1 | true
  2023-12-12 12:12:00+00:00 | 100 | 6000 |  1 |     1 | true
  2023-12-12 12:13:00+00:00 | 100 | 6000 |  1 |     1 | true
(5 rows)
> select k_timestamp from test_impexp.tb1 order by k_timestamp;
         k_timestamp
-----------------------------
  2023-12-12 12:00:00+00:00
  2023-12-12 12:10:00+00:00
  2023-12-12 12:11:00+00:00
  2023-12-12 12:12:00+00:00
  2023-12-12 12:13:00+00:00
(5 rows)
> drop table test_impexp.tb1;
DROP TABLE
> EXPORT INTO CSV "nodelocal://1/export_column/test_7/" FROM SELECT e1 FROM test_impexp.ds_tb order by e1;
  result
-----------
  succeed
(1 row)
> EXPORT INTO CSV "nodelocal://1/export_column/test_7/" FROM SELECT e1 FROM test_impexp.ds_tb group by e1;
  result
-----------
  succeed
(1 row)
> EXPORT INTO CSV "nodelocal://1/export_column/test_7/" FROM SELECT max(e1) FROM test_impexp.ds_tb;
  result
-----------
  succeed
(1 row)
> use defaultdb;
SET
> drop database test_impexp cascade;
DROP DATABASE
