> use defaultdb;drop database test_select_tag cascade;
ERROR: database "test_select_tag" does not exist
SQLSTATE: 3D000
> create ts database test_select_tag1;
CREATE TS DATABASE
> create table test_select_tag1.tb(k_timestamp timestamptz not null,e1 timestamptz,e2 int2,e3 int,e4 int8,e5 float4,e6 float8,e7 bool,e8 char,e9 char(100),e10 nchar,e11 nchar(255),e12 varchar,e13 varchar(254),e14 varchar(4096),e15 nchar(100),e16 nchar(255),e17 nchar(255),e18 varbytes,e19 varbytes(100),e20 varbytes(200),e21 varbytes(254),e22 varbytes(200)) tags (t1 int2 not null,t2 int,t3 int8,t4 bool not null,t5 float4,t6 float8,t7 char,t8 char(100) not null,t9 nchar,t10 nchar(254),t11 varchar,t12 varchar(128) not null,t13 varbytes,t14 varbytes(100),t15 varbytes(100),t16 varbytes(200)) primary tags(t1,t4,t8,t12);
CREATE TABLE
> create table test_select_tag1.tb2(k_timestamp timestamptz not null,e1 timestamptz,e2 int2,e3 int,e4 int8,e5 float4,e6 float8,e7 bool,e8 char,e9 char(100),e10 nchar,e11 nchar(255),e12 varchar,e13 varchar(254),e14 varchar(4096),e15 nchar(100),e16 nchar(255),e17 nchar(255),e18 varbytes,e19 varbytes(100),e20 varbytes(200),e21 varbytes(254),e22 varbytes(200)) tags (t1 int2,t2 int not null,t3 int8,t4 bool,t5 float4,t6 float8,t7 char not null,t8 char(100),t9 nchar not null,t10 nchar(254) not null,t11 varchar,t12 varchar(128),t13 varbytes,t14 varbytes(100),t15 varbytes(100),t16 varbytes(200)) primary tags(t2,t7,t9,t10);
CREATE TABLE
> insert into test_select_tag1.tb values ('2020-11-06 17:10:23','1970-01-01 08:00:00',700,7000,70000,700000.707,7000000.1010101,true,null,null,null,null,null,null,null,null,null,null,null,null,null,null,null,
1,null,7000,false,70.7077,700.5675675,'a','test测试！！！@TEST1','e','\a',null,'vvvaa64_1','b','test测试1023_1','vwwws测试_1','aaabbb');
INSERT 1
> insert into test_select_tag1.tb values ('2020-11-06 17:10:55.123','2019-12-06 18:10:23',100,3000,40000,600000.60612,4000000.4040404,false,' ',' ',' ',' ',' ',' ',' ',null,'','','','','','',null,
-32678,-2147483648,-9223372036854775808,false,-9223372036854775807.12345,100.111111,'b','test测试！！！@TEST1 ','f','test测试！TEST1xaa','\0test查询  @TEST1\0',e'\\','y','test@@测试！1023_1','vwwws测试_1','cccddde');
INSERT 1
> insert into test_select_tag1.tb values ('2022-05-01 12:10:23.456','2020-05-01 17:00:00',500,5000,60000,500000.505555,5000000.505055,false,'c','test测试！！！@TEST1 ','n','类型测试1()*  ','test！@TEST1  ',e'\\','255测试1cdf~# ','@TEST1  ','abc255测试1()*&^%{}','deg4096测试1(','b','查询1023_2','tes_测试1',b'\xaa\xbb\xcc',b'\xaa\xaa\xbb\xbb',
32767,2147483647,9223372036854775807,true,9223372036854775806.12345,500.578578,'c','test测试！！！@TEST1  ','g','" \','\0test查询！！！@TEST1\0','64_3','t','es1023_2','\\f','tes4096_2');
INSERT 1
> insert into test_select_tag1.tb values ('2022-05-01 12:10:25','2020-05-01 20:30:00',500,5000,50000,-500000.505,-5000000.505055,true,'h', 'ar2  ', 'c', 'r255测试2()*&^%{}','\\\\', 'v255测试1cdf~#   ', 'lengthis4096  测试%&!','ar-1', 'ar255()*&^%{}  ','6_1测试1&^%{} ','y', 's1023_1','ytes_2', null,b'\xcc\xcc\xdd\xdd',
4,400,4000,false,50.555,500.578578,'d','\\test测试！！！@TEST1','e','test测试！T  EST1xaa','\0test查询！！！@TEST1\0 ',e'\\\\','e','es1023_2','s_ 4','ww4096_2');
INSERT 1
> insert into test_select_tag1.tb values ('2023-05-10 09:08:18.223','2021-05-10 09:04:18.223',600,6000,60000,600000.666,666660.101011,true,'r', 'a r3', 'a', 'r255测试1(){}','varchar  中文1', null, 'hof4096查询test%%&!   ',null, 'ar255{}', 'ar4096测试1%{}','e','es1023_0', null, b'\xbb\xee\xff', null,
5,null,6000,true,60.6066,600.123455,'a','test测试！！！@TEST1','e',e'\a',null,'chch4_1','b','test测试10_1','vwwws中文_1',null);
INSERT 1
> insert into test_select_tag1.tb values ('2023-05-10 09:08:19.22','2021-06-01 10:00:00',100,3000,40000,600000.60612,4000000.4040404,false,'r', '\a r3', 'a', 'r255测试1{}','varchar  中文1', null, 'hof4096查询test%&!   ',null, 'ar255{}', 'ar96测试1%{}','e','es1023_0', null, b'\xcc\xee\xdd', null,
6,100,1000,false,-10.123,100.111111,'b','\\TEST1 ','f','测试！TEST1xaa','test查询  @TEST1\0','bd64_1','y','test@测试！10_1','vwwws_1','cddde');
INSERT 1
> insert into test_select_tag1.tb values ('2023-05-10 09:15:15.783','2021-06-10 06:04:15.183',500,5000,60000,500000.505555,5000000.505055,false,'c','test测试！！！@TEST1 ','n','类型测试1()*  ',null,null,'255测试1cdf~# ','@TEST1  ','abc255测试1()*&^%{}','deg4096测试1(','b','查询1023_2','tes_测试1',b'\xaa\xaa\xaa',b'\xbb\xcc\xbb\xbb',
7,200,2000,true,-10.123,500.578578,'c','test测试！！！@TEST1  ','g','" \','\0test查询！！！@TEST1\0','64_3','t','es1023_2','\\f','tes4096_2');
INSERT 1
> insert into test_select_tag1.tb2 values ('2023-05-10 09:08:18.223','2021-05-10 09:04:18.223',600,6000,60000,600000.666,666660.101011,true,'r', 'a r3', 'a', 'r255测试1(){}','varchar  中文1', null, 'hof4096查询test%%&!   ',null, 'ar255{}', 'ar4096测试1%{}','e','es1023_0', null, b'\xbb\xee\xff', null,
5,600,6000,false,60.6066,600.123455,'a','test测试！！！@TEST1','e','\a',null,'chch4_1','b','test测试10_1','vwwws中文_1',null);
INSERT 1
> insert into test_select_tag1.tb2 values ('2023-05-10 09:08:19.22','2021-06-01 10:00:00',100,3000,40000,600000.60612,4000000.4040404,false,'r', '\a r3', 'a', 'r255测试1{}','varchar  中文1', null, 'hof4096查询test%&!   ',null, 'ar255{}', 'ar96测试1%{}','e','es1023_0', null, b'\xcc\xee\xdd', null,
6,100,1000,true,-10.123,100.111111,'b','\\TEST1 ','f','测试！TEST1xaa','test查询  @TEST1\0','bd64_1','y','test@测试！10_1','vwwws_1','cddde');
INSERT 1
> select k_timestamp from test_select_tag1.tb order by k_timestamp;
           k_timestamp
---------------------------------
  2020-11-06 17:10:23+00:00
  2020-11-06 17:10:55.123+00:00
  2022-05-01 12:10:23.456+00:00
  2022-05-01 12:10:25+00:00
  2023-05-10 09:08:18.223+00:00
  2023-05-10 09:08:19.22+00:00
  2023-05-10 09:15:15.783+00:00
(7 rows)
> select * from test_select_tag1.tb order by k_timestamp;
           k_timestamp          |              e1               | e2  |  e3  |  e4   |     e5      |         e6          |  e7   |  e8  |          e9           | e10  |        e11        |      e12       |        e13        |          e14           |   e15    |         e16         |      e17       | e18  |            e19             |           e20            |   e21    |    e22     |   t1   |     t2      |          t3          |  t4   |           t5           |     t6      | t7 |           t8           | t9 |         t10          |            t11            |    t12    | t13  |                     t14                      |             t15              |         t16
--------------------------------+-------------------------------+-----+------+-------+-------------+---------------------+-------+------+-----------------------+------+-------------------+----------------+-------------------+------------------------+----------+---------------------+----------------+------+----------------------------+--------------------------+----------+------------+--------+-------------+----------------------+-------+------------------------+-------------+----+------------------------+----+----------------------+---------------------------+-----------+------+----------------------------------------------+------------------------------+-----------------------
  2020-11-06 17:10:23+00:00     | 1970-01-01 08:00:00+00:00     | 700 | 7000 | 70000 | 700000.6875 | 7.0000001010101e+06 | true  | NULL | NULL                  | NULL | NULL              | NULL           | NULL              | NULL                   | NULL     | NULL                | NULL           | NULL | NULL                       | NULL                     | NULL     | NULL       |      1 | NULL        |                 7000 | false |              70.707703 | 700.5675675 | a  | test测试！！！@TEST1   | e  | \a                   | NULL                      | vvvaa64_1 | \x62 | \x74657374e6b58be8af95313032335f31           | \x7677777773e6b58be8af955f31 | \x616161626262
  2020-11-06 17:10:55.123+00:00 | 2019-12-06 18:10:23+00:00     | 100 | 3000 | 40000 |  600000.625 | 4.0000004040404e+06 | false |      |                       |      |                   |                |                   |                        | NULL     |                     |                | \x   | \x                         | \x                       | \x       | NULL       | -32678 | -2147483648 | -9223372036854775808 | false | -9.223372036854776e+18 |  100.111111 | b  | test测试！！！@TEST1   | f  | test测试！TEST1xaa   | \0test查询  @TEST1\0      | \         | \x79 | \x746573744040e6b58be8af95efbc81313032335f31 | \x7677777773e6b58be8af955f31 | \x63636364646465
  2022-05-01 12:10:23.456+00:00 | 2020-05-01 17:00:00+00:00     | 500 | 5000 | 60000 |    500000.5 | 5.000000505055e+06  | false | c    | test测试！！！@TEST1  | n    | 类型测试1()*      | test！@TEST1   | \                 | 255测试1cdf~#          | @TEST1   | abc255测试1()*&^%{} | deg4096测试1(  | \x62 | \xe69fa5e8afa2313032335f32 | \x7465735fe6b58be8af9531 | \xaabbcc | \xaaaabbbb |  32767 |  2147483647 |  9223372036854775807 | true  | 9.223372036854776e+18  |  500.578578 | c  | test测试！！！@TEST1   | g  | " \                  | \0test查询！！！@TEST1\0  | 64_3      | \x74 | \x6573313032335f32                           | \x5c66                       | \x746573343039365f32
  2022-05-01 12:10:25+00:00     | 2020-05-01 20:30:00+00:00     | 500 | 5000 | 50000 |   -500000.5 | -5.000000505055e+06 | true  | h    | ar2                   | c    | r255测试2()*&^%{} | \\\\           | v255测试1cdf~#    | lengthis4096  测试%&!  | ar-1     | ar255()*&^%{}       | 6_1测试1&^%{}  | \x79 | \x73313032335f31           | \x797465735f32           | NULL     | \xccccdddd |      4 |         400 |                 4000 | false |                 50.555 |  500.578578 | d  | \\test测试！！！@TEST1 | e  | test测试！T  EST1xaa | \0test查询！！！@TEST1\0  | \\        | \x65 | \x6573313032335f32                           | \x735f2034                   | \x7777343039365f32
  2023-05-10 09:08:18.223+00:00 | 2021-05-10 09:04:18.223+00:00 | 600 | 6000 | 60000 | 600000.6875 |       666660.101011 | true  | r    | a r3                  | a    | r255测试1(){}     | varchar  中文1 | NULL              | hof4096查询test%%&!    | NULL     | ar255{}             | ar4096测试1%{} | \x65 | \x6573313032335f30         | NULL                     | \xbbeeff | NULL       |      5 | NULL        |                 6000 | true  |              60.606602 |  600.123455 | a  | test测试！！！@TEST1   | e  |                      | NULL                      | chch4_1   | \x62 | \x74657374e6b58be8af9531305f31               | \x7677777773e4b8ade696875f31 | NULL
  2023-05-10 09:08:19.22+00:00  | 2021-06-01 10:00:00+00:00     | 100 | 3000 | 40000 |  600000.625 | 4.0000004040404e+06 | false | r    | \a r3                 | a    | r255测试1{}       | varchar  中文1 | NULL              | hof4096查询test%&!     | NULL     | ar255{}             | ar96测试1%{}   | \x65 | \x6573313032335f30         | NULL                     | \xcceedd | NULL       |      6 |         100 |                 1000 | false |                -10.123 |  100.111111 | b  | \\TEST1                | f  | 测试！TEST1xaa       | test查询  @TEST1\0        | bd64_1    | \x79 | \x7465737440e6b58be8af95efbc8131305f31       | \x76777777735f31             | \x6364646465
  2023-05-10 09:15:15.783+00:00 | 2021-06-10 06:04:15.183+00:00 | 500 | 5000 | 60000 |    500000.5 | 5.000000505055e+06  | false | c    | test测试！！！@TEST1  | n    | 类型测试1()*      | NULL           | NULL              | 255测试1cdf~#          | @TEST1   | abc255测试1()*&^%{} | deg4096测试1(  | \x62 | \xe69fa5e8afa2313032335f32 | \x7465735fe6b58be8af9531 | \xaaaaaa | \xbbccbbbb |      7 |         200 |                 2000 | true  |                -10.123 |  500.578578 | c  | test测试！！！@TEST1   | g  | " \                  | \0test查询！！！@TEST1\0  | 64_3      | \x74 | \x6573313032335f32                           | \x5c66                       | \x746573343039365f32
(7 rows)
> select t1,t4,t6,t7,t8,t10,t12 from test_select_tag1.tb order by k_timestamp;
    t1   |  t4   |     t6      | t7 |           t8           |         t10          |    t12
---------+-------+-------------+----+------------------------+----------------------+------------
       1 | false | 700.5675675 | a  | test测试！！！@TEST1   | \a                   | vvvaa64_1
  -32678 | false |  100.111111 | b  | test测试！！！@TEST1   | test测试！TEST1xaa   | \
   32767 | true  |  500.578578 | c  | test测试！！！@TEST1   | " \                  | 64_3
       4 | false |  500.578578 | d  | \\test测试！！！@TEST1 | test测试！T  EST1xaa | \\
       5 | true  |  600.123455 | a  | test测试！！！@TEST1   |                      | chch4_1
       6 | false |  100.111111 | b  | \\TEST1                | 测试！TEST1xaa       | bd64_1
       7 | true  |  500.578578 | c  | test测试！！！@TEST1   | " \                  | 64_3
(7 rows)
> select t2,t3,t5,t9,t11 from test_select_tag1.tb order by k_timestamp;
      t2      |          t3          |           t5           | t9 |            t11
--------------+----------------------+------------------------+----+----------------------------
  NULL        |                 7000 |              70.707703 | e  | NULL
  -2147483648 | -9223372036854775808 | -9.223372036854776e+18 | f  | \0test查询  @TEST1\0
   2147483647 |  9223372036854775807 | 9.223372036854776e+18  | g  | \0test查询！！！@TEST1\0
          400 |                 4000 |                 50.555 | e  | \0test查询！！！@TEST1\0
  NULL        |                 6000 |              60.606602 | e  | NULL
          100 |                 1000 |                -10.123 | f  | test查询  @TEST1\0
          200 |                 2000 |                -10.123 | g  | \0test查询！！！@TEST1\0
(7 rows)
> select t2,t2 from test_select_tag1.tb order by k_timestamp;
      t2      |     t2
--------------+--------------
  NULL        | NULL
  -2147483648 | -2147483648
   2147483647 |  2147483647
          400 |         400
  NULL        | NULL
          100 |         100
          200 |         200
(7 rows)
> select t1,t4,t8,t10 from test_select_tag1.tb order by k_timestamp;
    t1   |  t4   |           t8           |         t10
---------+-------+------------------------+-----------------------
       1 | false | test测试！！！@TEST1   | \a
  -32678 | false | test测试！！！@TEST1   | test测试！TEST1xaa
   32767 | true  | test测试！！！@TEST1   | " \
       4 | false | \\test测试！！！@TEST1 | test测试！T  EST1xaa
       5 | true  | test测试！！！@TEST1   | 
       6 | false | \\TEST1                | 测试！TEST1xaa
       7 | true  | test测试！！！@TEST1   | " \
(7 rows)
> select t2,t7,t9,t11 from test_select_tag1.tb2 order by k_timestamp;
  t2  | t7 | t9 |        t11
------+----+----+---------------------
  600 | a  | e  | NULL
  100 | b  | f  | test查询  @TEST1\0
(2 rows)
> select t1,t4,t5,t8,t10 from test_select_tag1.tb order by k_timestamp;
    t1   |  t4   |           t5           |           t8           |         t10
---------+-------+------------------------+------------------------+-----------------------
       1 | false |              70.707703 | test测试！！！@TEST1   | \a
  -32678 | false | -9.223372036854776e+18 | test测试！！！@TEST1   | test测试！TEST1xaa
   32767 | true  | 9.223372036854776e+18  | test测试！！！@TEST1   | " \
       4 | false |                 50.555 | \\test测试！！！@TEST1 | test测试！T  EST1xaa
       5 | true  |              60.606602 | test测试！！！@TEST1   | 
       6 | false |                -10.123 | \\TEST1                | 测试！TEST1xaa
       7 | true  |                -10.123 | test测试！！！@TEST1   | " \
(7 rows)
> select t2,t7,t9,t11,t5 from test_select_tag1.tb2 order by k_timestamp;
  t2  | t7 | t9 |        t11         |    t5
------+----+----+--------------------+------------
  600 | a  | e  | NULL               | 60.606602
  100 | b  | f  | test查询  @TEST1\0 |   -10.123
(2 rows)
> select k_timestamp,e1,t1,t4,t5,t8,t10 from test_select_tag1.tb order by k_timestamp;
           k_timestamp          |              e1               |   t1   |  t4   |           t5           |           t8           |         t10
--------------------------------+-------------------------------+--------+-------+------------------------+------------------------+-----------------------
  2020-11-06 17:10:23+00:00     | 1970-01-01 08:00:00+00:00     |      1 | false |              70.707703 | test测试！！！@TEST1   | \a
  2020-11-06 17:10:55.123+00:00 | 2019-12-06 18:10:23+00:00     | -32678 | false | -9.223372036854776e+18 | test测试！！！@TEST1   | test测试！TEST1xaa
  2022-05-01 12:10:23.456+00:00 | 2020-05-01 17:00:00+00:00     |  32767 | true  | 9.223372036854776e+18  | test测试！！！@TEST1   | " \
  2022-05-01 12:10:25+00:00     | 2020-05-01 20:30:00+00:00     |      4 | false |                 50.555 | \\test测试！！！@TEST1 | test测试！T  EST1xaa
  2023-05-10 09:08:18.223+00:00 | 2021-05-10 09:04:18.223+00:00 |      5 | true  |              60.606602 | test测试！！！@TEST1   | 
  2023-05-10 09:08:19.22+00:00  | 2021-06-01 10:00:00+00:00     |      6 | false |                -10.123 | \\TEST1                | 测试！TEST1xaa
  2023-05-10 09:15:15.783+00:00 | 2021-06-10 06:04:15.183+00:00 |      7 | true  |                -10.123 | test测试！！！@TEST1   | " \
(7 rows)
> select e2,e3,e4,t2,t7,t9,t11 from test_select_tag1.tb2 order by k_timestamp;
  e2  |  e3  |  e4   | t2  | t7 | t9 |        t11
------+------+-------+-----+----+----+---------------------
  600 | 6000 | 60000 | 600 | a  | e  | NULL
  100 | 3000 | 40000 | 100 | b  | f  | test查询  @TEST1\0
(2 rows)
> drop table test_select_tag1.tb cascade;
DROP TABLE
> drop table test_select_tag1.tb2 cascade;
DROP TABLE
> use defaultdb;drop database test_select_tag1 cascade;
DROP DATABASE
