> use defaultdb;drop database if exists test_select_timebucket cascade;
DROP DATABASE
> create ts database test_select_timebucket;
CREATE TS DATABASE
> create table test_select_timebucket.tb(k_timestamp timestamptz not null,e1 timestamptz,e2 int2,e3 int,e4 int8,e5 float4,e6 float8,e7 bool,e8 char,e9 char(100),e10 nchar,e11 nchar(255),e12 varchar,e13 varchar(254),e14 varchar(4096),e15 nvarchar,e16 nvarchar(255),e17 nvarchar(4096),e18 varbytes,e19 varbytes(100),e20 varbytes,e21 varbytes(254),e22 varbytes(4096)) tags (t1 int2 not null,t2 int,t3 int8,t4 bool not null,t5 float4,t6 float8,t7 char,t8 char(100) not null,t9 nchar,t10 nchar(254),t11 varchar,t12 varchar(128) not null,t13 varbytes,t14 varbytes(100),t15 varbytes,t16 varbytes(255)) primary tags(t1,t4,t8,t12);
CREATE TABLE
> create table test_select_timebucket.tb2(k_timestamp timestamptz not null,e1 timestamptz,e2 int2,e3 int,e4 int8,e5 float4,e6 float8,e7 bool,e8 char,e9 char(100),e10 nchar,e11 nchar(255),e12 varchar,e13 varchar(254),e14 varchar(4096),e15 nvarchar,e16 nvarchar(255),e17 nvarchar(4096),e18 varbytes,e19 varbytes(100),e20 varbytes,e21 varbytes(254),e22 varbytes(4096)) tags (t1 int2,t2 int not null,t3 int8,t4 bool,t5 float4,t6 float8,t7 char not null,t8 char(100),t9 nchar not null,t10 nchar(254) not null,t11 varchar,t12 varchar(128),t13 varbytes,t14 varbytes(100),t15 varbytes,t16 varbytes(255)) primary tags(t2,t7,t9,t10);
CREATE TABLE
> create table test_select_timebucket.tb3(k_timestamp timestamptz not null,e1 timestamptz,e2 int2,e3 int,e4 int8,e5 float4,e6 float8,e7 bool,e8 char,e9 char(100),e10 nchar,e11 nchar(255),e12 varchar,e13 varchar(254),e14 varchar(4096),e15 nvarchar,e16 nvarchar(255),e17 nvarchar(4096),e18 varbytes,e19 varbytes(100),e20 varbytes,e21 varbytes(254),e22 varbytes(4096)) tags (t1 int2,t2 int,t3 int8 not null,t4 bool,t5 float4,t6 float8,t7 char,t8 char(100),t9 nchar,t10 nchar(254),t11 varchar not null,t12 varchar(128),t13 varbytes not null,t14 varbytes(100) not null,t15 varbytes,t16 varbytes(255)) primary tags(t3,t11);
CREATE TABLE
> insert into test_select_timebucket.tb values ('2020-11-06 17:10:23','1970-01-01 08:00:00',700,7000,70000,700000.707,7000000.1010101,true,null,null,null,null,null,null,null,null,null,null,null,null,null,null,null,1,null,7000,false,70.7077,700.5675675,'a','test测试！！！@TEST1','e','\a',null,'vvvaa64_1','b','test测试1023_1','vwwws测试_1','aaabbb');
INSERT 1
> insert into test_select_timebucket.tb values ('2020-11-06 17:10:55.123','2019-12-06 18:10:23',100,3000,40000,600000.60612,4000000.4040404,false,' ',' ',' ',' ',' ',' ',' ',null,'','','','','','',null,-32768,-2147483648,-9223372036854775808,false,-9223372036854775807.12345,100.111111,'b','test测试！！！@TEST1 ','','test测试！TEST1xaa','\0test查询  @TEST1\0','e','y','test@@测试！1023_1','vwwws测试_1','cccddde');
INSERT 1
> insert into test_select_timebucket.tb values ('2022-05-01 12:10:25','2020-05-01 20:30:00',500,5000,50000,-500000.505,-5000000.505055,true,'h', 'ar2  ', 'c', 'r255测试2()*&^%{}','\\\\', 'v255测试1cdf~#   ', 'lengthis4096  测试%&!','ar-1', 'ar255()*&^%{}  ','6_1测试1&^%{} ','y', 's1023_1','ytes_2', null,b'\xcc\xcc\xdd\xdd',4,400,4000,false,50.555,500.578578,'d','\\test测试！！！@TEST1','e','test测试！T  EST1xaa','查询查询 ','\\','e','es1023_2','s_ 4','ww4096_2');
INSERT 1
> insert into test_select_timebucket.tb values ('2022-05-01 12:10:23.456','2020-05-01 17:00:00',500,5000,60000,500000.505555,5000000.505055,false,'c','test测试！！！@TEST1 ','n','类型测试1()*  ','testTest  ','e','40964096 ','@TEST1  ','abc255测试1()*&^%{}','deg4096测试1(','b','查询1023_2','tes_测试1',b'\xaa\xbb\xcc',b'\xaa\xaa\xbb\xbb',32767,2147483647,9223372036854775807,true,9223372036854775806.12345,500.578578,'','     ',' ','abc','\0test查询！！！@TEST1\0','64_3','t','es1023_2','f','tes4096_2');
INSERT 1
> insert into test_select_timebucket.tb values ('2022-05-01 12:10:31.22','2020-05-01 22:30:11',500,5000,50000,-500000.505,-5000000.505055,true,'h', 'ar2  ', 'c', 'r255测试2()*&^%{}','\\', 'v2551cdf~#   ', '  测试%&!','ar-1', 'ar255()*&^%{}  ','6_1测试1&^%{} ','y', 's1023_1','ytes_2', null,b'\xcc\xcc\xdd\xdd',4,300,300,false,60.666,600.678,'','\\test测试！！！@TEST1',' ','test测试！T  EST1xaa','查询查询 ','\\','','    ','','  ');
INSERT 1
> insert into test_select_timebucket.tb values ('2023-05-10 09:08:19.22','2021-05-10 09:04:18.223',600,6000,60000,600000.666,666660.101011,true,'r', 'a r3', 'a', 'r255测试1(){}','varchar  中文1', null, 'hof4096查询test%%&!   ',null, 'ar255{}', 'ar4096测试1%{}','e','es1023_0', null, b'\xbb\xee\xff', null,5,null,6000,true,60.6066,600.123455,'a','test测试！！！@TEST1','e','a',null,'测试测试 ','b','test测试10_1','vwwws中文_1',null);
INSERT 1
> insert into test_select_timebucket.tb values ('2023-05-10 09:15:15.783','2021-06-10 06:04:15.183',500,5000,60000,500000.505555,5000000.505055,false,'c','test测试！！！@TEST1 ','n','类型测试1()*  ',null,null,'测试测试 ','@TEST1  ','abc255测试1()*&^%{}','deg4096测试1(','b','查询1023_2','tes_测试1',b'\xaa\xaa\xaa',b'\xbb\xcc\xbb\xbb',7,200,2000,true,-10.123,500.578578,'c','test测试！！！@TEST1  ','g','abc','\0test查询！！！@TEST1\0','64_3','t','es1023_2','f','tes4096_2');
INSERT 1
> insert into test_select_timebucket.tb values ('2023-05-10 09:08:18.223','2021-06-01 10:00:00',100,3000,40000,600000.60612,4000000.4040404,false,'r', '\a r3', 'a', 'r255测试1{}','varchar  中文1', null, 'hof4096查询test%&!   ',null, 'ar255{}', 'ar96测试1%{}','e','es1023_0', null, b'\xcc\xee\xdd', null,6,100,1000,false,-10.123,100.111111,'b','\\TEST1 ','f','测试！TEST1xaa','5555 5','  bdbd','y','test@测试！10_1','vwwws_1','cddde');
INSERT 1
> insert into test_select_timebucket.tb2 values ('2023-05-10 09:08:18.223','2021-05-10 09:04:18.223',600,6000,60000,600000.666,666660.101011,true,'r', 'a r3', 'a', 'r255测试1(){}','中文  中文', null, 'hof4096查询test%%&!   ',null, 'ar255{}', 'ar4096测试1%{}','e','es1023_0', null, b'\xbb\xee\xff', null,5,600,6000,false,60.6066,600.123455,'a','test测试！！！@TEST1','e','\a',null,'chch4_1','b','test测试10_1','vwwws中文_1',null);
INSERT 1
> insert into test_select_timebucket.tb2 values ('2023-05-10 09:08:19.22','2021-06-01 10:00:00',100,3000,40000,600000.60612,4000000.4040404,false,'r', '\a r3', 'a', 'r255测试1{}','varchar  中文1', null, 'hof4096查询test%&!   ',null, 'ar255{}', 'ar96测试1%{}','e','es1023_0', null, b'\xcc\xee\xdd', null,6,100,1000,true,-10.123,100.111111,'b','\\TEST1 ','f','测试！TEST1xaa','test查询  @TEST1\0','bd64_1','y','test@测试！10_1','vwwws_1','cddde');
INSERT 1
> insert into test_select_timebucket.tb3 values ('2024-05-10 23:23:23.783','2024-06-10 16:16:15.183',800,8000,80000,800000.808888,8000000.808088,true,'d','test测试！！！@TEST1 ','d','类型测试1()*  ',null,null,'255测试1cdf~# ','@TEST1  ','abc255测试1()*&^%{}','deg4096测试1(','b','查询1023_2','tes_测试1',b'\xaa\xaa\xaa',b'\xbb\xcc\xbb\xbb',7,200,2000,false,-10.123,500.578578,'c','test测试！！！@TEST1  ','g','abc','\0test查询！！！@TEST1\0','64_3','t','es1023_2','f','tes4096_2');
INSERT 1
> insert into test_select_timebucket.tb3 values ('2023-05-10 09:15:15.783','2021-06-10 06:04:15.183',500,5000,60000,500000.505555,5000000.505055,false,'c','test测试！！！@TEST1 ','n','类型测试1()*  ',null,null,'255测试1cdf~# ','@TEST1  ','abc255测试1()*&^%{}','deg4096测试1(','b','查询1023_2','tes_测试1',b'\xaa\xaa\xaa',b'\xbb\xcc\xbb\xbb',8,800,8000,false,-20.123,800.578578,'d','test测试！！！@TEST1  ','d','ddd','\0test查询！！！@TEST1\0','64_3','t','es1023_2','f','tes4096_2');
INSERT 1
> select time_bucket(k_timestamp, '15s') as tb from test_select_timebucket.tb group by tb order by tb;
             tb
-----------------------------
  2020-11-06 17:10:15+00:00
  2020-11-06 17:10:45+00:00
  2022-05-01 12:10:15+00:00
  2022-05-01 12:10:30+00:00
  2023-05-10 09:08:15+00:00
  2023-05-10 09:15:15+00:00
(6 rows)
> select time_bucket(k_timestamp, '15s') as tb, * from test_select_timebucket.tb group by tb;
ERROR: column "k_timestamp" must appear in the GROUP BY clause or be used in an aggregate function
SQLSTATE: 42803
> select time_bucket(k_timestamp, '15s') as tb from test_select_timebucket.tb where k_timestamp between '2020-11-06 17:10:55.123+00:00' and '2023-05-10 09:08:18.223' group by tb order by tb;
             tb
-----------------------------
  2020-11-06 17:10:45+00:00
  2022-05-01 12:10:15+00:00
  2022-05-01 12:10:30+00:00
  2023-05-10 09:08:15+00:00
(4 rows)
> select time_bucket(k_timestamp, '10s') as tb, e2 from test_select_timebucket.tb where e2 = 500 and e7 = false and e16 = 'abc255测试1()*&^%{}' group by tb,e2 order by tb,e2;
             tb             | e2
----------------------------+------
  2022-05-01 12:10:20+00:00 | 500
  2023-05-10 09:15:10+00:00 | 500
(2 rows)
> select time_bucket(k_timestamp, '10s') as tb,e16 from test_select_timebucket.tb where e16 like 'abc255测试1()*&^%{}' group by tb,e16 order by tb,e16;
             tb             |         e16
----------------------------+----------------------
  2022-05-01 12:10:20+00:00 | abc255测试1()*&^%{}
  2023-05-10 09:15:10+00:00 | abc255测试1()*&^%{}
(2 rows)
> select time_bucket(k_timestamp, '5s') as tb, e3, e10 from test_select_timebucket.tb where e3 < 6000 or e10 > 'a' group by tb,e3,e10 order by tb,e3,e10;
             tb             |  e3  | e10
----------------------------+------+------
  2020-11-06 17:10:55+00:00 | 3000 |
  2022-05-01 12:10:20+00:00 | 5000 | n
  2022-05-01 12:10:25+00:00 | 5000 | c
  2022-05-01 12:10:30+00:00 | 5000 | c
  2023-05-10 09:08:15+00:00 | 3000 | a
  2023-05-10 09:15:15+00:00 | 5000 | n
(6 rows)
> select time_bucket(k_timestamp, '10s') as tb, e8, e12, e13 from test_select_timebucket.tb where e8 >= ' ' and e12 <= 'varchar  中文1' or e13 != ' ' group by tb,e8,e12,e13 order by tb,e8,e12,e13;
             tb             | e8 |      e12       |        e13
----------------------------+----+----------------+--------------------
  2020-11-06 17:10:50+00:00 |    |                |
  2022-05-01 12:10:20+00:00 | c  | testTest       | e
  2022-05-01 12:10:20+00:00 | h  | \\\\           | v255测试1cdf~#
  2022-05-01 12:10:30+00:00 | h  | \\             | v2551cdf~#
  2023-05-10 09:08:10+00:00 | r  | varchar  中文1 | NULL
(5 rows)
> select time_bucket(k_timestamp, '5s') as tb, e4, e5 from test_select_timebucket.tb where e4 in (40000,50000) and e5 not in (-500000.5) group by tb,e4,e5 order by tb,e4,e5;
             tb             |  e4   |     e5
----------------------------+-------+-------------
  2020-11-06 17:10:55+00:00 | 40000 | 600000.625
  2023-05-10 09:08:15+00:00 | 40000 | 600000.625
(2 rows)
> select time_bucket(k_timestamp, '10s') as tb, e6, e14 from test_select_timebucket.tb where e6 between 4000000.4040404 and 7000000.1010101 and e14 like 'hof4096%' group by tb,e6,e14 order by tb,e6,e14;
             tb             |         e6          |          e14
----------------------------+---------------------+------------------------
  2023-05-10 09:08:10+00:00 | 4.0000004040404e+06 | hof4096查询test%&!
(1 row)
> select time_bucket(k_timestamp, '10s') as tb, e18,e20 from test_select_timebucket.tb where e18 is null and e20 is null group by tb,e18,e20;
             tb             | e18  | e20
----------------------------+------+-------
  2020-11-06 17:10:20+00:00 | NULL | NULL
(1 row)
> select time_bucket(k_timestamp, '10s') as tb,t2 from test_select_timebucket.tb where t2 between -2147483648 and 2147483647 and t7 = 'd' and t16 = '\x7777343039365f32' group by tb,t2 order by tb,t2;
             tb             | t2
----------------------------+------
  2022-05-01 12:10:20+00:00 | 400
  2022-05-01 12:10:30+00:00 | 400
(2 rows)
> select time_bucket(k_timestamp, '10s') as tb,t6 from test_select_timebucket.tb where t6 in(null) or t6 in(100.111111) group by tb,t6 order by tb desc;
             tb             |     t6
----------------------------+-------------
  2023-05-10 09:08:10+00:00 | 100.111111
  2020-11-06 17:10:50+00:00 | 100.111111
(2 rows)
> select time_bucket(k_timestamp, '5s') as tb,t3,t10 from test_select_timebucket.tb where t3 < 6000 and t10 like '"_\\%' group by tb,t3,t10 order by tb,t3,t10;
  tb | t3 | t10
-----+----+------
(0 rows)
> select time_bucket(k_timestamp, '10s') as tb,t8,t12,t13 from test_select_timebucket.tb where t8 not in('\\test测试！！！@TEST1') and t12 <= '测试测试' or e13 != ' ' group by tb,t8,t12,t13 order by tb,t8,t12,t13;
             tb             |           t8           |    t12    | t13
----------------------------+------------------------+-----------+-------
  2020-11-06 17:10:20+00:00 | test测试！！！@TEST1   | vvvaa64_1 | \x62
  2020-11-06 17:10:50+00:00 | test测试！！！@TEST1   | e         | \x79
  2022-05-01 12:10:20+00:00 |                        | 64_3      | \x74
  2022-05-01 12:10:20+00:00 | \\test测试！！！@TEST1 | \\        | \x65
  2022-05-01 12:10:30+00:00 | \\test测试！！！@TEST1 | \\        | \x65
  2023-05-10 09:08:10+00:00 | \\TEST1                |   bdbd    | \x79
  2023-05-10 09:15:10+00:00 | test测试！！！@TEST1   | 64_3      | \x74
(7 rows)
> select time_bucket(k_timestamp, '5s') as tb,t4,t5 from test_select_timebucket.tb where t4 in (true) and t5 not in (-10.123) group by tb,t4,t5 order by tb,t4,t5;
             tb             |  t4  |          t5
----------------------------+------+------------------------
  2022-05-01 12:10:20+00:00 | true | 9.223372036854776e+18
  2023-05-10 09:08:15+00:00 | true |             60.606602
(2 rows)
> select time_bucket(k_timestamp, '10s') as tb,t11,t14 from test_select_timebucket.tb where t11 is null and t14 is not null group by tb,t11,t14 order by tb;
             tb             | t11  |                t14
----------------------------+------+-------------------------------------
  2020-11-06 17:10:20+00:00 | NULL | \x74657374e6b58be8af95313032335f31
  2023-05-10 09:08:10+00:00 | NULL | \x74657374e6b58be8af9531305f31
(2 rows)
> select time_bucket(k_timestamp, '10s') as tb,t15,t16 from test_select_timebucket.tb where t15 is not null and t16 is not null group by tb,t15,t16 order by tb,t15;
             tb             |             t15              |         t16
----------------------------+------------------------------+-----------------------
  2020-11-06 17:10:20+00:00 | \x7677777773e6b58be8af955f31 | \x616161626262
  2020-11-06 17:10:50+00:00 | \x7677777773e6b58be8af955f31 | \x63636364646465
  2022-05-01 12:10:20+00:00 | \x66                         | \x746573343039365f32
  2022-05-01 12:10:20+00:00 | \x735f2034                   | \x7777343039365f32
  2022-05-01 12:10:30+00:00 | \x735f2034                   | \x7777343039365f32
  2023-05-10 09:08:10+00:00 | \x76777777735f31             | \x6364646465
  2023-05-10 09:15:10+00:00 | \x66                         | \x746573343039365f32
(7 rows)
> select time_bucket(k_timestamp, '10s') as tb,t1,t4 from test_select_timebucket.tb where t1 between -2147483648 and 2147483647 and t4 != false group by tb,t1,t4 order by tb;
             tb             |  t1   |  t4
----------------------------+-------+-------
  2022-05-01 12:10:20+00:00 | 32767 | true
  2023-05-10 09:08:10+00:00 |     5 | true
  2023-05-10 09:15:10+00:00 |     7 | true
(3 rows)
> select time_bucket(k_timestamp, '10s') as tb,t8,t12 from test_select_timebucket.tb where t8 not in('\\test测试！！！@TEST1') and t12 <='测试测试' group by tb,t8,t12 order by tb;
             tb             |           t8           |    t12
----------------------------+------------------------+------------
  2020-11-06 17:10:20+00:00 | test测试！！！@TEST1   | vvvaa64_1
  2020-11-06 17:10:50+00:00 | test测试！！！@TEST1   | e
  2022-05-01 12:10:20+00:00 |                        | 64_3
  2023-05-10 09:08:10+00:00 | \\TEST1                |   bdbd
  2023-05-10 09:15:10+00:00 | test测试！！！@TEST1   | 64_3
(5 rows)
> select time_bucket(k_timestamp, '5s') as tb,t2,t7,t9,t10 from test_select_timebucket.tb2 where t2 <= 800 and t10 like '\\a' group by tb,t2,t7,t9,t10 order by tb;
             tb             | t2  | t7 | t9 | t10
----------------------------+-----+----+----+------
  2023-05-10 09:08:15+00:00 | 600 | a  | e  | \a
(1 row)
> select time_bucket(k_timestamp, '10s') as tb,t3,t11,t14 from test_select_timebucket.tb3 where t11 is null or t14 is not null group by tb,t3,t11,t14 order by tb;
             tb             |  t3  |           t11            |        t14
----------------------------+------+--------------------------+---------------------
  2023-05-10 09:15:10+00:00 | 8000 | \0test查询！！！@TEST1\0 | \x6573313032335f32
  2024-05-10 23:23:20+00:00 | 2000 | \0test查询！！！@TEST1\0 | \x6573313032335f32
(2 rows)
> select time_bucket(k_timestamp, '10s') as tb,t13 from test_select_timebucket.tb3 where t13 is not null and t13 is not null group by tb,t13 order by tb;
             tb             | t13
----------------------------+-------
  2023-05-10 09:15:10+00:00 | \x74
  2024-05-10 23:23:20+00:00 | \x74
(2 rows)
> select time_bucket(k_timestamp,'10s') as tb,t2,t8,t12 from test_select_timebucket.tb where k_timestamp+1m>k_timestamp group by tb,t2,t8,t12 order by tb,t2;
             tb             |     t2      |           t8           |    t12
----------------------------+-------------+------------------------+------------
  2020-11-06 17:10:20+00:00 | NULL        | test测试！！！@TEST1   | vvvaa64_1
  2020-11-06 17:10:50+00:00 | -2147483648 | test测试！！！@TEST1   | e
  2022-05-01 12:10:20+00:00 |         400 | \\test测试！！！@TEST1 | \\
  2022-05-01 12:10:20+00:00 |  2147483647 |                        | 64_3
  2022-05-01 12:10:30+00:00 |         400 | \\test测试！！！@TEST1 | \\
  2023-05-10 09:08:10+00:00 | NULL        | test测试！！！@TEST1   | 测试测试
  2023-05-10 09:08:10+00:00 |         100 | \\TEST1                |   bdbd
  2023-05-10 09:15:10+00:00 |         200 | test测试！！！@TEST1   | 64_3
(8 rows)
> select time_bucket(k_timestamp,'10s') as tb,t8,t9,t10,t12 from test_select_timebucket.tb2 where k_timestamp-'2023-02-22 08:00:00'>1w group by tb,t8,t9,t10,t12 order by t8;
             tb             |          t8          | t9 |      t10       |   t12
----------------------------+----------------------+----+----------------+----------
  2023-05-10 09:08:10+00:00 | \\TEST1              | f  | 测试！TEST1xaa | bd64_1
  2023-05-10 09:08:10+00:00 | test测试！！！@TEST1 | e  | \a             | chch4_1
(2 rows)
> select time_bucket(k_timestamp,'10s') as tb,t14,t3,t7,t13 from test_select_timebucket.tb3 where '2023-02-22 08:00:00'-k_timestamp>260d group by tb,t14,t3,t7,t13 order by tb;
  tb | t14 | t3 | t7 | t13
-----+-----+----+----+------
(0 rows)
> select time_bucket(k_timestamp,'10s') as tb,e2,t8,t12 from test_select_timebucket.tb where k_timestamp+1m>k_timestamp group by tb,e2,t8,t12 order by tb,t8;
             tb             | e2  |           t8           |    t12
----------------------------+-----+------------------------+------------
  2020-11-06 17:10:20+00:00 | 700 | test测试！！！@TEST1   | vvvaa64_1
  2020-11-06 17:10:50+00:00 | 100 | test测试！！！@TEST1   | e
  2022-05-01 12:10:20+00:00 | 500 |                        | 64_3
  2022-05-01 12:10:20+00:00 | 500 | \\test测试！！！@TEST1 | \\
  2022-05-01 12:10:30+00:00 | 500 | \\test测试！！！@TEST1 | \\
  2023-05-10 09:08:10+00:00 | 100 | \\TEST1                |   bdbd
  2023-05-10 09:08:10+00:00 | 600 | test测试！！！@TEST1   | 测试测试
  2023-05-10 09:15:10+00:00 | 500 | test测试！！！@TEST1   | 64_3
(8 rows)
> select time_bucket(k_timestamp,'10s') as tb,e8,t9,t10,e12 from test_select_timebucket.tb2 where k_timestamp-'2023-02-22 08:00:00'>1w group by tb,e8,t9,t10,e12 order by tb,t9;
             tb             | e8 | t9 |      t10       |      e12
----------------------------+----+----+----------------+-----------------
  2023-05-10 09:08:10+00:00 | r  | e  | \a             | 中文  中文
  2023-05-10 09:08:10+00:00 | r  | f  | 测试！TEST1xaa | varchar  中文1
(2 rows)
> select time_bucket(k_timestamp,'10s') as tb,e14,t3,e7,t13 from test_select_timebucket.tb3 where '2023-02-22 08:00:00'-k_timestamp>260d group by tb,e14,t3,e7,t13 order by tb;
  tb | e14 | t3 | e7 | t13
-----+-----+----+----+------
(0 rows)
> select time_bucket(k_timestamp,'10s') as tb,e8,t8,t12 from test_select_timebucket.tb where k_timestamp+1m>k_timestamp group by tb,e8,t8,t12 order by tb,t8;
             tb             |  e8  |           t8           |    t12
----------------------------+------+------------------------+------------
  2020-11-06 17:10:20+00:00 | NULL | test测试！！！@TEST1   | vvvaa64_1
  2020-11-06 17:10:50+00:00 |      | test测试！！！@TEST1   | e
  2022-05-01 12:10:20+00:00 | c    |                        | 64_3
  2022-05-01 12:10:20+00:00 | h    | \\test测试！！！@TEST1 | \\
  2022-05-01 12:10:30+00:00 | h    | \\test测试！！！@TEST1 | \\
  2023-05-10 09:08:10+00:00 | r    | \\TEST1                |   bdbd
  2023-05-10 09:08:10+00:00 | r    | test测试！！！@TEST1   | 测试测试
  2023-05-10 09:15:10+00:00 | c    | test测试！！！@TEST1   | 64_3
(8 rows)
> select time_bucket(k_timestamp,'10s') as tb,e1,t2,t7,t9,t10,e10 from test_select_timebucket.tb2 where k_timestamp-'2023-02-22 08:00:00'>1w group by tb,e1,t2,t7,t9,t10,e10 order by tb,e1;
             tb             |              e1               | t2  | t7 | t9 |      t10       | e10
----------------------------+-------------------------------+-----+----+----+----------------+------
  2023-05-10 09:08:10+00:00 | 2021-05-10 09:04:18.223+00:00 | 600 | a  | e  | \a             | a
  2023-05-10 09:08:10+00:00 | 2021-06-01 10:00:00+00:00     | 100 | b  | f  | 测试！TEST1xaa | a
(2 rows)
> select time_bucket(k_timestamp,'10s') as tb,e19,e22,t3,e7,t11,t13,t14 from test_select_timebucket.tb3 where '2023-02-22 08:00:00'-k_timestamp>1d group by tb,e19,e22,t3,e7,t11,t13,t14 order by tb;
  tb | e19 | e22 | t3 | e7 | t11 | t13 | t14
-----+-----+-----+----+----+-----+-----+------
(0 rows)
> select time_bucket(k_timestamp,'10s') as tb,k_timestamp,t1,t3,e1,e2 from test_select_timebucket.tb where k_timestamp between '2020-11-06 17:10:55.123+00:00' and '2023-05-10 09:08:18.223' group by tb,k_timestamp,t1,t3,e1,e2 order by tb,k_timestamp;
             tb             |          k_timestamp          |   t1   |          t3          |            e1             | e2
----------------------------+-------------------------------+--------+----------------------+---------------------------+------
  2020-11-06 17:10:50+00:00 | 2020-11-06 17:10:55.123+00:00 | -32768 | -9223372036854775808 | 2019-12-06 18:10:23+00:00 | 100
  2022-05-01 12:10:20+00:00 | 2022-05-01 12:10:23.456+00:00 |  32767 |  9223372036854775807 | 2020-05-01 17:00:00+00:00 | 500
  2022-05-01 12:10:20+00:00 | 2022-05-01 12:10:25+00:00     |      4 |                 4000 | 2020-05-01 20:30:00+00:00 | 500
  2022-05-01 12:10:30+00:00 | 2022-05-01 12:10:31.22+00:00  |      4 |                 4000 | 2020-05-01 22:30:11+00:00 | 500
  2023-05-10 09:08:10+00:00 | 2023-05-10 09:08:18.223+00:00 |      6 |                 1000 | 2021-06-01 10:00:00+00:00 | 100
(5 rows)
> select time_bucket(k_timestamp,'10s') as tb,e2,t4,e5,t5,t8,t10 from test_select_timebucket.tb where e2 = 500 and t10 like '"_\\%' group by tb,e2,t4,e5,t5,t8,t10 order by tb,t4;
  tb | e2 | t4 | e5 | t5 | t8 | t10
-----+----+----+----+----+----+------
(0 rows)
> select time_bucket(k_timestamp,'10s') as tb,e3,e6,t7,t9,t11,t15 from test_select_timebucket.tb2 where e3 < 6000 and e6 between 4000000.4040404 and 7000000.1010101 group by tb,e3,e6,t7,t9,t11,t15 order by e3;
             tb             |  e3  |         e6          | t7 | t9 |        t11         |       t15
----------------------------+------+---------------------+----+----+--------------------+-------------------
  2023-05-10 09:08:10+00:00 | 3000 | 4.0000004040404e+06 | b  | f  | test查询  @TEST1\0 | \x76777777735f31
(1 row)
> select time_bucket(k_timestamp,'10s') as tb,e18,e21,t3,t7,t13,t16 from test_select_timebucket.tb3 where e18 is null and e20 is null group by tb,e18,e21,t3,t7,t13,t16 order by tb;
  tb | e18 | e21 | t3 | t7 | t13 | t16
-----+-----+-----+----+----+-----+------
(0 rows)
> select time_bucket(k_timestamp, '10s') as tb from test_select_timebucket.tb group by tb order by tb;
             tb
-----------------------------
  2020-11-06 17:10:20+00:00
  2020-11-06 17:10:50+00:00
  2022-05-01 12:10:20+00:00
  2022-05-01 12:10:30+00:00
  2023-05-10 09:08:10+00:00
  2023-05-10 09:15:10+00:00
(6 rows)
> select time_bucket(k_timestamp, '15s') as tb, * from test_select_timebucket.tb group by tb order by tb;
ERROR: column "k_timestamp" must appear in the GROUP BY clause or be used in an aggregate function
SQLSTATE: 42803
> select time_bucket(k_timestamp, '10s') as tb, e1 from test_select_timebucket.tb group by tb,e1 order by tb,e1;
             tb             |              e1
----------------------------+--------------------------------
  2020-11-06 17:10:20+00:00 | 1970-01-01 08:00:00+00:00
  2020-11-06 17:10:50+00:00 | 2019-12-06 18:10:23+00:00
  2022-05-01 12:10:20+00:00 | 2020-05-01 17:00:00+00:00
  2022-05-01 12:10:20+00:00 | 2020-05-01 20:30:00+00:00
  2022-05-01 12:10:30+00:00 | 2020-05-01 22:30:11+00:00
  2023-05-10 09:08:10+00:00 | 2021-05-10 09:04:18.223+00:00
  2023-05-10 09:08:10+00:00 | 2021-06-01 10:00:00+00:00
  2023-05-10 09:15:10+00:00 | 2021-06-10 06:04:15.183+00:00
(8 rows)
> select time_bucket(k_timestamp, '10s') as tb, e2,e5,e7,e8,e10,e12,e14,e17,e20,e22 from test_select_timebucket.tb group by tb,e2,e5,e7,e8,e10,e12,e14,e17,e20,e22 order by tb,e7;
             tb             | e2  |     e5      |  e7   |  e8  | e10  |      e12       |          e14           |      e17       |           e20            |    e22
----------------------------+-----+-------------+-------+------+------+----------------+------------------------+----------------+--------------------------+-------------
  2020-11-06 17:10:20+00:00 | 700 | 700000.6875 | true  | NULL | NULL | NULL           | NULL                   | NULL           | NULL                     | NULL
  2020-11-06 17:10:50+00:00 | 100 |  600000.625 | false |      |      |                |                        |                | \x                       | NULL
  2022-05-01 12:10:20+00:00 | 500 |    500000.5 | false | c    | n    | testTest       | 40964096               | deg4096测试1(  | \x7465735fe6b58be8af9531 | \xaaaabbbb
  2022-05-01 12:10:20+00:00 | 500 |   -500000.5 | true  | h    | c    | \\\\           | lengthis4096  测试%&!  | 6_1测试1&^%{}  | \x797465735f32           | \xccccdddd
  2022-05-01 12:10:30+00:00 | 500 |   -500000.5 | true  | h    | c    | \\             |   测试%&!              | 6_1测试1&^%{}  | \x797465735f32           | \xccccdddd
  2023-05-10 09:08:10+00:00 | 100 |  600000.625 | false | r    | a    | varchar  中文1 | hof4096查询test%&!     | ar96测试1%{}   | NULL                     | NULL
  2023-05-10 09:08:10+00:00 | 600 | 600000.6875 | true  | r    | a    | varchar  中文1 | hof4096查询test%%&!    | ar4096测试1%{} | NULL                     | NULL
  2023-05-10 09:15:10+00:00 | 500 |    500000.5 | false | c    | n    | NULL           | 测试测试               | deg4096测试1(  | \x7465735fe6b58be8af9531 | \xbbccbbbb
(8 rows)
> select time_bucket(k_timestamp, '5.5s') as tb, e2 from test_select_timebucket.tb group by tb,e2 order by tb,e2;
ERROR: invalid input interval time.
SQLSTATE: 22023
> select time_bucket(k_timestamp, '-1s') as tb, e2 from test_select_timebucket.tb group by tb,e2 order by tb,e2;
ERROR: second arg should be a positive interval.
SQLSTATE: 22023
> select time_bucket(k_timestamp, '-5s') as tb, e20 from test_select_timebucket.tb where e20 is not null group by tb,e20;
ERROR: time_bucket(): second arg should be a positive interval
SQLSTATE: 22023
> select time_bucket(k_timestamp,'10s') as tb,t1 from test_select_timebucket.tb group by tb,t1 order by tb,t1;
             tb             |   t1
----------------------------+---------
  2020-11-06 17:10:20+00:00 |      1
  2020-11-06 17:10:50+00:00 | -32768
  2022-05-01 12:10:20+00:00 |      4
  2022-05-01 12:10:20+00:00 |  32767
  2022-05-01 12:10:30+00:00 |      4
  2023-05-10 09:08:10+00:00 |      5
  2023-05-10 09:08:10+00:00 |      6
  2023-05-10 09:15:10+00:00 |      7
(8 rows)
> select time_bucket(k_timestamp,'10s') as tb,t4,t5 from test_select_timebucket.tb group by tb,t4,t5 order by tb asc,t5 desc;
             tb             |  t4   |           t5
----------------------------+-------+-------------------------
  2020-11-06 17:10:20+00:00 | false |              70.707703
  2020-11-06 17:10:50+00:00 | false | -9.223372036854776e+18
  2022-05-01 12:10:20+00:00 | true  | 9.223372036854776e+18
  2022-05-01 12:10:20+00:00 | false |                 50.555
  2022-05-01 12:10:30+00:00 | false |                 50.555
  2023-05-10 09:08:10+00:00 | true  |              60.606602
  2023-05-10 09:08:10+00:00 | false |                -10.123
  2023-05-10 09:15:10+00:00 | true  |                -10.123
(8 rows)
> select time_bucket(k_timestamp,'10s') as tb,t12 from test_select_timebucket.tb group by tb,t10,t12 order by tb,t12;
             tb             |    t12
----------------------------+------------
  2020-11-06 17:10:20+00:00 | vvvaa64_1
  2020-11-06 17:10:50+00:00 | e
  2022-05-01 12:10:20+00:00 | 64_3
  2022-05-01 12:10:20+00:00 | \\
  2022-05-01 12:10:30+00:00 | \\
  2023-05-10 09:08:10+00:00 |   bdbd
  2023-05-10 09:08:10+00:00 | 测试测试
  2023-05-10 09:15:10+00:00 | 64_3
(8 rows)
> select time_bucket(k_timestamp,'10s') as tb,t7,t9,t11 from test_select_timebucket.tb group by tb,t7,t9,t11 order by tb,t11;
             tb             | t7 | t9 |           t11
----------------------------+----+----+---------------------------
  2020-11-06 17:10:20+00:00 | a  | e  | NULL
  2020-11-06 17:10:50+00:00 | b  |    | \0test查询  @TEST1\0
  2022-05-01 12:10:20+00:00 |    |    | \0test查询！！！@TEST1\0
  2022-05-01 12:10:20+00:00 | d  | e  | 查询查询
  2022-05-01 12:10:30+00:00 | d  | e  | 查询查询
  2023-05-10 09:08:10+00:00 | a  | e  | NULL
  2023-05-10 09:08:10+00:00 | b  | f  | 5555 5
  2023-05-10 09:15:10+00:00 | c  | g  | \0test查询！！！@TEST1\0
(8 rows)
> select time_bucket(k_timestamp,'10s') as tb,t13,t15 from test_select_timebucket.tb group by tb,t13,t15 order by tb,t15;
             tb             | t13  |             t15
----------------------------+------+-------------------------------
  2020-11-06 17:10:20+00:00 | \x62 | \x7677777773e6b58be8af955f31
  2020-11-06 17:10:50+00:00 | \x79 | \x7677777773e6b58be8af955f31
  2022-05-01 12:10:20+00:00 | \x74 | \x66
  2022-05-01 12:10:20+00:00 | \x65 | \x735f2034
  2022-05-01 12:10:30+00:00 | \x65 | \x735f2034
  2023-05-10 09:08:10+00:00 | \x79 | \x76777777735f31
  2023-05-10 09:08:10+00:00 | \x62 | \x7677777773e4b8ade696875f31
  2023-05-10 09:15:10+00:00 | \x74 | \x66
(8 rows)
> select time_bucket(k_timestamp,'10s') as tb,t1 from test_select_timebucket.tb group by tb,t1 order by tb,t1;
             tb             |   t1
----------------------------+---------
  2020-11-06 17:10:20+00:00 |      1
  2020-11-06 17:10:50+00:00 | -32768
  2022-05-01 12:10:20+00:00 |      4
  2022-05-01 12:10:20+00:00 |  32767
  2022-05-01 12:10:30+00:00 |      4
  2023-05-10 09:08:10+00:00 |      5
  2023-05-10 09:08:10+00:00 |      6
  2023-05-10 09:15:10+00:00 |      7
(8 rows)
> select time_bucket(k_timestamp,'10s') as tb,t4,t8,t12 from test_select_timebucket.tb group by tb,t4,t8,t12 order by tb,t4;
             tb             |  t4   |           t8           |    t12
----------------------------+-------+------------------------+------------
  2020-11-06 17:10:20+00:00 | false | test测试！！！@TEST1   | vvvaa64_1
  2020-11-06 17:10:50+00:00 | false | test测试！！！@TEST1   | e
  2022-05-01 12:10:20+00:00 | false | \\test测试！！！@TEST1 | \\
  2022-05-01 12:10:20+00:00 | true  |                        | 64_3
  2022-05-01 12:10:30+00:00 | false | \\test测试！！！@TEST1 | \\
  2023-05-10 09:08:10+00:00 | false | \\TEST1                |   bdbd
  2023-05-10 09:08:10+00:00 | true  | test测试！！！@TEST1   | 测试测试
  2023-05-10 09:15:10+00:00 | true  | test测试！！！@TEST1   | 64_3
(8 rows)
> select time_bucket(k_timestamp,'10s') as tb,t2 from test_select_timebucket.tb2 group by tb,t2 order by tb,t2;
             tb             | t2
----------------------------+------
  2023-05-10 09:08:10+00:00 | 100
  2023-05-10 09:08:10+00:00 | 600
(2 rows)
> select time_bucket(k_timestamp,'10s') as tb,t7,t9,t10 from test_select_timebucket.tb2 group by tb,t7,t9,t10 order by tb,t7;
             tb             | t7 | t9 |      t10
----------------------------+----+----+-----------------
  2023-05-10 09:08:10+00:00 | a  | e  | \a
  2023-05-10 09:08:10+00:00 | b  | f  | 测试！TEST1xaa
(2 rows)
> select time_bucket(k_timestamp,'10s') as tb,t11 from test_select_timebucket.tb3 group by tb,t11 order by tb,t11;
             tb             |           t11
----------------------------+---------------------------
  2023-05-10 09:15:10+00:00 | \0test查询！！！@TEST1\0
  2024-05-10 23:23:20+00:00 | \0test查询！！！@TEST1\0
(2 rows)
> select time_bucket(k_timestamp,'10s') as tb,t3,t13,t14 from test_select_timebucket.tb3 group by tb,t3,t13,t14 order by tb;
             tb             |  t3  | t13  |        t14
----------------------------+------+------+---------------------
  2023-05-10 09:15:10+00:00 | 8000 | \x74 | \x6573313032335f32
  2024-05-10 23:23:20+00:00 | 2000 | \x74 | \x6573313032335f32
(2 rows)
> select time_bucket(k_timestamp,'10s') as tb,t1,t4,t9,t11 from test_select_timebucket.tb group by tb,t1,t4,t9,t11 order by tb,t1;
             tb             |   t1   |  t4   | t9 |           t11
----------------------------+--------+-------+----+---------------------------
  2020-11-06 17:10:20+00:00 |      1 | false | e  | NULL
  2020-11-06 17:10:50+00:00 | -32768 | false |    | \0test查询  @TEST1\0
  2022-05-01 12:10:20+00:00 |      4 | false | e  | 查询查询
  2022-05-01 12:10:20+00:00 |  32767 | true  |    | \0test查询！！！@TEST1\0
  2022-05-01 12:10:30+00:00 |      4 | false | e  | 查询查询
  2023-05-10 09:08:10+00:00 |      5 | true  | e  | NULL
  2023-05-10 09:08:10+00:00 |      6 | false | f  | 5555 5
  2023-05-10 09:15:10+00:00 |      7 | true  | g  | \0test查询！！！@TEST1\0
(8 rows)
> select time_bucket(k_timestamp,'10s') as tb,t2,t8,t12 from test_select_timebucket.tb group by tb,t2,t8,t12 order by tb,t2;
             tb             |     t2      |           t8           |    t12
----------------------------+-------------+------------------------+------------
  2020-11-06 17:10:20+00:00 | NULL        | test测试！！！@TEST1   | vvvaa64_1
  2020-11-06 17:10:50+00:00 | -2147483648 | test测试！！！@TEST1   | e
  2022-05-01 12:10:20+00:00 |         400 | \\test测试！！！@TEST1 | \\
  2022-05-01 12:10:20+00:00 |  2147483647 |                        | 64_3
  2022-05-01 12:10:30+00:00 |         400 | \\test测试！！！@TEST1 | \\
  2023-05-10 09:08:10+00:00 | NULL        | test测试！！！@TEST1   | 测试测试
  2023-05-10 09:08:10+00:00 |         100 | \\TEST1                |   bdbd
  2023-05-10 09:15:10+00:00 |         200 | test测试！！！@TEST1   | 64_3
(8 rows)
> select time_bucket(k_timestamp,'10s') as tb,t3,t6,t2,t7,t16 from test_select_timebucket.tb2 group by tb,t3,t6,t2,t7,t16 order by t3;
             tb             |  t3  |     t6     | t2  | t7 |     t16
----------------------------+------+------------+-----+----+---------------
  2023-05-10 09:08:10+00:00 | 1000 | 100.111111 | 100 | b  | \x6364646465
  2023-05-10 09:08:10+00:00 | 6000 | 600.123455 | 600 | a  | NULL
(2 rows)
> select time_bucket(k_timestamp,'10s') as tb,t8,t9,t10,t12 from test_select_timebucket.tb2 group by tb,t8,t9,t10,t12 order by t8;
             tb             |          t8          | t9 |      t10       |   t12
----------------------------+----------------------+----+----------------+----------
  2023-05-10 09:08:10+00:00 | \\TEST1              | f  | 测试！TEST1xaa | bd64_1
  2023-05-10 09:08:10+00:00 | test测试！！！@TEST1 | e  | \a             | chch4_1
(2 rows)
> select time_bucket(k_timestamp,'15s') as tb,t5,t5,t11,t11 from test_select_timebucket.tb3 group by tb,t5,t11 order by tb;
             tb             |     t5     |     t5     |           t11            |           t11
----------------------------+------------+------------+--------------------------+---------------------------
  2023-05-10 09:15:15+00:00 | -20.122999 | -20.122999 | \0test查询！！！@TEST1\0 | \0test查询！！！@TEST1\0
  2024-05-10 23:23:15+00:00 |    -10.123 |    -10.123 | \0test查询！！！@TEST1\0 | \0test查询！！！@TEST1\0
(2 rows)
> select time_bucket(k_timestamp,'10s') as tb,t14,t3,t7,t13 from test_select_timebucket.tb3 group by tb,t14,t3,t7,t13 order by tb;
             tb             |        t14         |  t3  | t7 | t13
----------------------------+--------------------+------+----+-------
  2023-05-10 09:15:10+00:00 | \x6573313032335f32 | 8000 | d  | \x74
  2024-05-10 23:23:20+00:00 | \x6573313032335f32 | 2000 | c  | \x74
(2 rows)
> select time_bucket(k_timestamp,'10s') as tb,t1,t4,e9,e11 from test_select_timebucket.tb group by tb,t1,t4,e9,e11 order by tb,t1;
             tb             |   t1   |  t4   |          e9           |        e11
----------------------------+--------+-------+-----------------------+--------------------
  2020-11-06 17:10:20+00:00 |      1 | false | NULL                  | NULL
  2020-11-06 17:10:50+00:00 | -32768 | false |                       |
  2022-05-01 12:10:20+00:00 |      4 | false | ar2                   | r255测试2()*&^%{}
  2022-05-01 12:10:20+00:00 |  32767 | true  | test测试！！！@TEST1  | 类型测试1()*
  2022-05-01 12:10:30+00:00 |      4 | false | ar2                   | r255测试2()*&^%{}
  2023-05-10 09:08:10+00:00 |      5 | true  | a r3                  | r255测试1(){}
  2023-05-10 09:08:10+00:00 |      6 | false | \a r3                 | r255测试1{}
  2023-05-10 09:15:10+00:00 |      7 | true  | test测试！！！@TEST1  | 类型测试1()*
(8 rows)
> select time_bucket(k_timestamp,'10s') as tb,e2,t8,t12 from test_select_timebucket.tb group by tb,e2,t8,t12 order by tb,t8;
             tb             | e2  |           t8           |    t12
----------------------------+-----+------------------------+------------
  2020-11-06 17:10:20+00:00 | 700 | test测试！！！@TEST1   | vvvaa64_1
  2020-11-06 17:10:50+00:00 | 100 | test测试！！！@TEST1   | e
  2022-05-01 12:10:20+00:00 | 500 |                        | 64_3
  2022-05-01 12:10:20+00:00 | 500 | \\test测试！！！@TEST1 | \\
  2022-05-01 12:10:30+00:00 | 500 | \\test测试！！！@TEST1 | \\
  2023-05-10 09:08:10+00:00 | 100 | \\TEST1                |   bdbd
  2023-05-10 09:08:10+00:00 | 600 | test测试！！！@TEST1   | 测试测试
  2023-05-10 09:15:10+00:00 | 500 | test测试！！！@TEST1   | 64_3
(8 rows)
> select time_bucket(k_timestamp,'10s') as tb,e3,e6,t2,t10,e16 from test_select_timebucket.tb2 group by tb,e3,e6,t2,t10,e16 order by e3;
             tb             |  e3  |         e6          | t2  |      t10       |   e16
----------------------------+------+---------------------+-----+----------------+----------
  2023-05-10 09:08:10+00:00 | 3000 | 4.0000004040404e+06 | 100 | 测试！TEST1xaa | ar255{}
  2023-05-10 09:08:10+00:00 | 6000 |       666660.101011 | 600 | \a             | ar255{}
(2 rows)
> select time_bucket(k_timestamp,'10s') as tb,e8,t7,t10,e12 from test_select_timebucket.tb2 group by tb,e8,t7,t10,e12 order by tb,e12;
             tb             | e8 | t7 |      t10       |      e12
----------------------------+----+----+----------------+-----------------
  2023-05-10 09:08:10+00:00 | r  | b  | 测试！TEST1xaa | varchar  中文1
  2023-05-10 09:08:10+00:00 | r  | a  | \a             | 中文  中文
(2 rows)
> select time_bucket(k_timestamp,'10s') as tb,e5,e5,t11,t11 from test_select_timebucket.tb3 group by tb,e5,t11 order by tb;
             tb             |     e5      |     e5      |           t11            |           t11
----------------------------+-------------+-------------+--------------------------+---------------------------
  2023-05-10 09:15:10+00:00 |    500000.5 |    500000.5 | \0test查询！！！@TEST1\0 | \0test查询！！！@TEST1\0
  2024-05-10 23:23:20+00:00 | 800000.8125 | 800000.8125 | \0test查询！！！@TEST1\0 | \0test查询！！！@TEST1\0
(2 rows)
> select time_bucket(k_timestamp,'10s') as tb,e14,t3,e7,t13 from test_select_timebucket.tb3 group by tb,e14,t3,e7,t13 order by tb;
             tb             |      e14       |  t3  |  e7   | t13
----------------------------+----------------+------+-------+-------
  2023-05-10 09:15:10+00:00 | 255测试1cdf~#  | 8000 | false | \x74
  2024-05-10 23:23:20+00:00 | 255测试1cdf~#  | 2000 | true  | \x74
(2 rows)
> select time_bucket(k_timestamp,'10s') as tb,t1,t4,e9,e11 from test_select_timebucket.tb group by tb,t1,t4,e9,e11 order by tb,t1;
             tb             |   t1   |  t4   |          e9           |        e11
----------------------------+--------+-------+-----------------------+--------------------
  2020-11-06 17:10:20+00:00 |      1 | false | NULL                  | NULL
  2020-11-06 17:10:50+00:00 | -32768 | false |                       |
  2022-05-01 12:10:20+00:00 |      4 | false | ar2                   | r255测试2()*&^%{}
  2022-05-01 12:10:20+00:00 |  32767 | true  | test测试！！！@TEST1  | 类型测试1()*
  2022-05-01 12:10:30+00:00 |      4 | false | ar2                   | r255测试2()*&^%{}
  2023-05-10 09:08:10+00:00 |      5 | true  | a r3                  | r255测试1(){}
  2023-05-10 09:08:10+00:00 |      6 | false | \a r3                 | r255测试1{}
  2023-05-10 09:15:10+00:00 |      7 | true  | test测试！！！@TEST1  | 类型测试1()*
(8 rows)
> select time_bucket(k_timestamp,'10s') as tb,e8,t8,t12 from test_select_timebucket.tb where k_timestamp+1m>k_timestamp group by tb,e8,t8,t12 order by tb,t8;
             tb             |  e8  |           t8           |    t12
----------------------------+------+------------------------+------------
  2020-11-06 17:10:20+00:00 | NULL | test测试！！！@TEST1   | vvvaa64_1
  2020-11-06 17:10:50+00:00 |      | test测试！！！@TEST1   | e
  2022-05-01 12:10:20+00:00 | c    |                        | 64_3
  2022-05-01 12:10:20+00:00 | h    | \\test测试！！！@TEST1 | \\
  2022-05-01 12:10:30+00:00 | h    | \\test测试！！！@TEST1 | \\
  2023-05-10 09:08:10+00:00 | r    | \\TEST1                |   bdbd
  2023-05-10 09:08:10+00:00 | r    | test测试！！！@TEST1   | 测试测试
  2023-05-10 09:15:10+00:00 | c    | test测试！！！@TEST1   | 64_3
(8 rows)
> select time_bucket(k_timestamp,'10s') as tb,e1,t2,t7,t9,t10,e10 from test_select_timebucket.tb2 group by tb,e1,t2,t7,t9,t10,e10 order by tb,e1;
             tb             |              e1               | t2  | t7 | t9 |      t10       | e10
----------------------------+-------------------------------+-----+----+----+----------------+------
  2023-05-10 09:08:10+00:00 | 2021-05-10 09:04:18.223+00:00 | 600 | a  | e  | \a             | a
  2023-05-10 09:08:10+00:00 | 2021-06-01 10:00:00+00:00     | 100 | b  | f  | 测试！TEST1xaa | a
(2 rows)
> select time_bucket(k_timestamp,'10s') as tb,e19,e22,t3,e7,t11,t13,t14 from test_select_timebucket.tb3 group by tb,e19,e22,t3,e7,t11,t13,t14 order by tb;
             tb             |            e19             |    e22     |  t3  |  e7   |           t11            | t13  |        t14
----------------------------+----------------------------+------------+------+-------+--------------------------+------+---------------------
  2023-05-10 09:15:10+00:00 | \xe69fa5e8afa2313032335f32 | \xbbccbbbb | 8000 | false | \0test查询！！！@TEST1\0 | \x74 | \x6573313032335f32
  2024-05-10 23:23:20+00:00 | \xe69fa5e8afa2313032335f32 | \xbbccbbbb | 2000 | true  | \0test查询！！！@TEST1\0 | \x74 | \x6573313032335f32
(2 rows)
> select time_bucket(k_timestamp,'10s') as tb,k_timestamp,t1,t3,e1,e2 from test_select_timebucket.tb group by tb,k_timestamp,t1,t3,e1,e2 order by tb,k_timestamp;
             tb             |          k_timestamp          |   t1   |          t3          |              e1               | e2
----------------------------+-------------------------------+--------+----------------------+-------------------------------+------
  2020-11-06 17:10:20+00:00 | 2020-11-06 17:10:23+00:00     |      1 |                 7000 | 1970-01-01 08:00:00+00:00     | 700
  2020-11-06 17:10:50+00:00 | 2020-11-06 17:10:55.123+00:00 | -32768 | -9223372036854775808 | 2019-12-06 18:10:23+00:00     | 100
  2022-05-01 12:10:20+00:00 | 2022-05-01 12:10:23.456+00:00 |  32767 |  9223372036854775807 | 2020-05-01 17:00:00+00:00     | 500
  2022-05-01 12:10:20+00:00 | 2022-05-01 12:10:25+00:00     |      4 |                 4000 | 2020-05-01 20:30:00+00:00     | 500
  2022-05-01 12:10:30+00:00 | 2022-05-01 12:10:31.22+00:00  |      4 |                 4000 | 2020-05-01 22:30:11+00:00     | 500
  2023-05-10 09:08:10+00:00 | 2023-05-10 09:08:18.223+00:00 |      6 |                 1000 | 2021-06-01 10:00:00+00:00     | 100
  2023-05-10 09:08:10+00:00 | 2023-05-10 09:08:19.22+00:00  |      5 |                 6000 | 2021-05-10 09:04:18.223+00:00 | 600
  2023-05-10 09:15:10+00:00 | 2023-05-10 09:15:15.783+00:00 |      7 |                 2000 | 2021-06-10 06:04:15.183+00:00 | 500
(8 rows)
> select time_bucket(k_timestamp,'10s') as tb,e2,t4,e5,t5,t8 from test_select_timebucket.tb group by tb,e2,t4,e5,t5,t8,t10 order by tb,t4;
             tb             | e2  |  t4   |     e5      |           t5           |           t8
----------------------------+-----+-------+-------------+------------------------+-------------------------
  2020-11-06 17:10:20+00:00 | 700 | false | 700000.6875 |              70.707703 | test测试！！！@TEST1
  2020-11-06 17:10:50+00:00 | 100 | false |  600000.625 | -9.223372036854776e+18 | test测试！！！@TEST1
  2022-05-01 12:10:20+00:00 | 500 | false |   -500000.5 |                 50.555 | \\test测试！！！@TEST1
  2022-05-01 12:10:20+00:00 | 500 | true  |    500000.5 | 9.223372036854776e+18  |
  2022-05-01 12:10:30+00:00 | 500 | false |   -500000.5 |                 50.555 | \\test测试！！！@TEST1
  2023-05-10 09:08:10+00:00 | 100 | false |  600000.625 |                -10.123 | \\TEST1
  2023-05-10 09:08:10+00:00 | 600 | true  | 600000.6875 |              60.606602 | test测试！！！@TEST1
  2023-05-10 09:15:10+00:00 | 500 | true  |    500000.5 |                -10.123 | test测试！！！@TEST1
(8 rows)
> select time_bucket(k_timestamp,'10s') as tb,e3,e6,t7,t9,t11,t15 from test_select_timebucket.tb2 group by tb,e3,e6,t7,t9,t11,t15 order by e3;
             tb             |  e3  |         e6          | t7 | t9 |        t11         |             t15
----------------------------+------+---------------------+----+----+--------------------+-------------------------------
  2023-05-10 09:08:10+00:00 | 3000 | 4.0000004040404e+06 | b  | f  | test查询  @TEST1\0 | \x76777777735f31
  2023-05-10 09:08:10+00:00 | 6000 |       666660.101011 | a  | e  | NULL               | \x7677777773e4b8ade696875f31
(2 rows)
> select time_bucket(k_timestamp,'10s') as tb,e18,e21,t3,t7,t13,t16 from test_select_timebucket.tb3 group by tb,e18,e21,t3,t7,t13,t16 order by tb;
             tb             | e18  |   e21    |  t3  | t7 | t13  |         t16
----------------------------+------+----------+------+----+------+-----------------------
  2023-05-10 09:15:10+00:00 | \x62 | \xaaaaaa | 8000 | d  | \x74 | \x746573343039365f32
  2024-05-10 23:23:20+00:00 | \x62 | \xaaaaaa | 2000 | c  | \x74 | \x746573343039365f32
(2 rows)
> select time_bucket(k_timestamp, '15s') as tb from test_select_timebucket.tb where k_timestamp between '2020-11-06 17:10:55.123+00:00' and '2023-05-10 09:08:18.223' group by tb order by tb limit 3;
             tb
-----------------------------
  2020-11-06 17:10:45+00:00
  2022-05-01 12:10:15+00:00
  2022-05-01 12:10:30+00:00
(3 rows)
> select time_bucket(k_timestamp, '10s') as tb, e2 from test_select_timebucket.tb where e2 = 500 and e7 = false and e16 = 'abc255测试1()*&^%{}' group by tb,e2 order by tb,e2 limit 0;
  tb | e2
-----+-----
(0 rows)
> select time_bucket(k_timestamp, '10s') as tb,e16 from test_select_timebucket.tb where e16 like 'abc255测试1()*&^%{}' group by tb,e16 order by tb,e16 limit 1 offset 1;
             tb             |         e16
----------------------------+----------------------
  2023-05-10 09:15:10+00:00 | abc255测试1()*&^%{}
(1 row)
> select time_bucket(k_timestamp, '5s') as tb, e3, e10 from test_select_timebucket.tb where e3 < 6000 or e10 > 'a' group by tb,e3,e10 order by tb,e3,e10 limit -1;
ERROR: negative value for LIMIT
> select time_bucket(k_timestamp, '10s') as tb,t2 from test_select_timebucket.tb where t2 between -2147483648 and 2147483647 and t7 = 'd' and t16 = '\x7777343039365f32' group by tb,t2 order by tb,t2 limit 1;
             tb             | t2
----------------------------+------
  2022-05-01 12:10:20+00:00 | 400
(1 row)
> select time_bucket(k_timestamp, '10s') as tb,t6 from test_select_timebucket.tb where t6 in(null) or t6 in(100.111111) group by tb,t6 order by tb desc limit 10 offset 1;
             tb             |     t6
----------------------------+-------------
  2020-11-06 17:10:50+00:00 | 100.111111
(1 row)
> select time_bucket(k_timestamp, '5s') as tb,t3,t10 from test_select_timebucket.tb where t3 < 6000 and t10 like '"_\\%' group by tb,t3,t10 order by tb,t3,t10 limit -1;
ERROR: negative value for LIMIT
> select time_bucket(k_timestamp, '10s') as tb,t8,t12 from test_select_timebucket.tb where t8 not in('\\test测试！！！@TEST1') and t12 <= '测试测试' group by tb,t8,t12 order by tb limit 2 offset 2;
             tb             |    t8    |  t12
----------------------------+----------+---------
  2022-05-01 12:10:20+00:00 |          | 64_3
  2023-05-10 09:08:10+00:00 | \\TEST1  |   bdbd
(2 rows)
> select time_bucket(k_timestamp, '5s') as tb,t2,t7,t9,t10 from test_select_timebucket.tb2 where t2 <= 800 and t10 like '\a' group by tb,t2,t7,t9,t10 order by tb limit 1 offset 0;
  tb | t2 | t7 | t9 | t10
-----+----+----+----+------
(0 rows)
> select time_bucket(k_timestamp, '10s') as tb,t3,t11,t14 from test_select_timebucket.tb3 where t11 is null or t14 is not null group by tb,t3,t11,t14 order by tb limit 2.1;
ERROR: argument of LIMIT must be type int, not type decimal
SQLSTATE: 42804
> select time_bucket(k_timestamp,'10s') as tb,t1,t4,t9,t11 from test_select_timebucket.tb group by tb,t1,t4,t9,t11 order by tb,t1 limit 2;
             tb             |   t1   |  t4   | t9 |         t11
----------------------------+--------+-------+----+-----------------------
  2020-11-06 17:10:20+00:00 |      1 | false | e  | NULL
  2020-11-06 17:10:50+00:00 | -32768 | false |    | \0test查询  @TEST1\0
(2 rows)
> select time_bucket(k_timestamp,'10s') as tb,t3,t6,t9,t10,t16 from test_select_timebucket.tb2 group by tb,t3,t6,t9,t10,t16 order by t3 limit 0;
  tb | t3 | t6 | t9 | t10 | t16
-----+----+----+----+-----+------
(0 rows)
> select time_bucket(k_timestamp,'15s') as tb,t5,t5,t11,t11 from test_select_timebucket.tb3 group by tb,t5,t11 order by tb limit -1;
ERROR: negative value for LIMIT
> select time_bucket(k_timestamp,'10s') as tb,e2,t8,t12 from test_select_timebucket.tb where k_timestamp+1m>k_timestamp group by tb,e2,t8,t12 order by tb,t8 limit 3;
             tb             | e2  |          t8           |    t12
----------------------------+-----+-----------------------+------------
  2020-11-06 17:10:20+00:00 | 700 | test测试！！！@TEST1  | vvvaa64_1
  2020-11-06 17:10:50+00:00 | 100 | test测试！！！@TEST1  | e
  2022-05-01 12:10:20+00:00 | 500 |                       | 64_3
(3 rows)
> select time_bucket(k_timestamp,'10s') as tb,e8,t9,t10,e12 from test_select_timebucket.tb2 where k_timestamp-'2024-02-26'>1w group by tb,e8,t9,t10,e12 order by tb limit 0;
  tb | e8 | t9 | t10 | e12
-----+----+----+-----+------
(0 rows)
> select time_bucket(k_timestamp,'10s') as tb,e14,t3,e7,t13 from test_select_timebucket.tb3 where '2024-02-26 08:00:00'-k_timestamp>260d group by tb,e14,t3,e7,t13 order by tb limit -1;
ERROR: negative value for LIMIT
> select time_bucket(k_timestamp,'10s') as tb,t1,t4,e9,e11 from test_select_timebucket.tb group by tb,t1,t4,e9,e11 order by tb,t1 limit 100;
             tb             |   t1   |  t4   |          e9           |        e11
----------------------------+--------+-------+-----------------------+--------------------
  2020-11-06 17:10:20+00:00 |      1 | false | NULL                  | NULL
  2020-11-06 17:10:50+00:00 | -32768 | false |                       |
  2022-05-01 12:10:20+00:00 |      4 | false | ar2                   | r255测试2()*&^%{}
  2022-05-01 12:10:20+00:00 |  32767 | true  | test测试！！！@TEST1  | 类型测试1()*
  2022-05-01 12:10:30+00:00 |      4 | false | ar2                   | r255测试2()*&^%{}
  2023-05-10 09:08:10+00:00 |      5 | true  | a r3                  | r255测试1(){}
  2023-05-10 09:08:10+00:00 |      6 | false | \a r3                 | r255测试1{}
  2023-05-10 09:15:10+00:00 |      7 | true  | test测试！！！@TEST1  | 类型测试1()*
(8 rows)
> select time_bucket(k_timestamp,'10s') as tb,e8,t8,t12 from test_select_timebucket.tb where k_timestamp+1m>k_timestamp group by tb,e8,t8,t12 order by tb,t8 limit -100;
ERROR: negative value for LIMIT
> select time_bucket(k_timestamp,'10s') as tb,k_timestamp,t1,t3,e1,e2 from test_select_timebucket.tb group by tb,k_timestamp,t1,t3,e1,e2 order by tb,k_timestamp limit 2 offset 4;
             tb             |          k_timestamp          | t1 |  t3  |            e1             | e2
----------------------------+-------------------------------+----+------+---------------------------+------
  2022-05-01 12:10:30+00:00 | 2022-05-01 12:10:31.22+00:00  |  4 | 4000 | 2020-05-01 22:30:11+00:00 | 500
  2023-05-10 09:08:10+00:00 | 2023-05-10 09:08:18.223+00:00 |  6 | 1000 | 2021-06-01 10:00:00+00:00 | 100
(2 rows)
> select time_bucket(k_timestamp,'10s') as tb,e2,t4,e5,t5,t8,t10 from test_select_timebucket.tb group by tb,e2,t4,e5,t5,t8,t10 order by tb,t4 limit 0;
  tb | e2 | t4 | e5 | t5 | t8 | t10
-----+----+----+----+----+----+------
(0 rows)
> select time_bucket(k_timestamp,'10s') as tb,e3,e6,t7,t9,t11,t15 from test_select_timebucket.tb2 group by tb,e3,e6,t7,t9,t11,t15 order by e3 limit -2;
ERROR: negative value for LIMIT
> select time_bucket(k_timestamp, '15s') as tb, max(e1),max(e3),max(e5),max(e7),max(e9),max(e11),max(e13),max(e15),max(e17),max(e19),max(e21) from test_select_timebucket.tb group by tb order by tb;
             tb             |              max              | max  |     max     |  max  |          max          |        max        |        max        |   max    |      max       |            max             |   max
----------------------------+-------------------------------+------+-------------+-------+-----------------------+-------------------+-------------------+----------+----------------+----------------------------+-----------
  2020-11-06 17:10:15+00:00 | 1970-01-01 08:00:00+00:00     | 7000 | 700000.6875 | true  | NULL                  | NULL              | NULL              | NULL     | NULL           | NULL                       | NULL
  2020-11-06 17:10:45+00:00 | 2019-12-06 18:10:23+00:00     | 3000 |  600000.625 | false |                       |                   |                   | NULL     |                | \x                         | \x
  2022-05-01 12:10:15+00:00 | 2020-05-01 20:30:00+00:00     | 5000 |    500000.5 | true  | test测试！！！@TEST1  | 类型测试1()*      | v255测试1cdf~#    | ar-1     | deg4096测试1(  | \xe69fa5e8afa2313032335f32 | \xaabbcc
  2022-05-01 12:10:30+00:00 | 2020-05-01 22:30:11+00:00     | 5000 |   -500000.5 | true  | ar2                   | r255测试2()*&^%{} | v2551cdf~#        | ar-1     | 6_1测试1&^%{}  | \x73313032335f31           | NULL
  2023-05-10 09:08:15+00:00 | 2021-06-01 10:00:00+00:00     | 6000 | 600000.6875 | true  | a r3                  | r255测试1{}       | NULL              | NULL     | ar96测试1%{}   | \x6573313032335f30         | \xcceedd
  2023-05-10 09:15:15+00:00 | 2021-06-10 06:04:15.183+00:00 | 5000 |    500000.5 | false | test测试！！！@TEST1  | 类型测试1()*      | NULL              | @TEST1   | deg4096测试1(  | \xe69fa5e8afa2313032335f32 | \xaaaaaa
(6 rows)
> select time_bucket(k_timestamp, '15s') as tb, max(e2),max(e4),max(e6),max(e8),max(e10),max(e12),max(e14),max(e16),max(e18),max(e20),max(e22) from test_select_timebucket.tb group by tb order by tb;
             tb             | max |  max  |         max         | max  | max  |      max       |          max          |         max         | max  |           max            |    max
----------------------------+-----+-------+---------------------+------+------+----------------+-----------------------+---------------------+------+--------------------------+-------------
  2020-11-06 17:10:15+00:00 | 700 | 70000 | 7.0000001010101e+06 | NULL | NULL | NULL           | NULL                  | NULL                | NULL | NULL                     | NULL
  2020-11-06 17:10:45+00:00 | 100 | 40000 | 4.0000004040404e+06 |      |      |                |                       |                     | \x   | \x                       | NULL
  2022-05-01 12:10:15+00:00 | 500 | 60000 | 5.000000505055e+06  | h    | n    | testTest       | lengthis4096  测试%&! | ar255()*&^%{}       | \x79 | \x797465735f32           | \xccccdddd
  2022-05-01 12:10:30+00:00 | 500 | 50000 | -5.000000505055e+06 | h    | c    | \\             |   测试%&!             | ar255()*&^%{}       | \x79 | \x797465735f32           | \xccccdddd
  2023-05-10 09:08:15+00:00 | 600 | 60000 | 4.0000004040404e+06 | r    | a    | varchar  中文1 | hof4096查询test%&!    | ar255{}             | \x65 | NULL                     | NULL
  2023-05-10 09:15:15+00:00 | 500 | 60000 | 5.000000505055e+06  | c    | n    | NULL           | 测试测试              | abc255测试1()*&^%{} | \x62 | \x7465735fe6b58be8af9531 | \xbbccbbbb
(6 rows)
> select time_bucket(k_timestamp, '15s') as tb, max(t1),max(t2),max(t3),max(t4),max(t5),max(t6),max(t7),max(t8) from test_select_timebucket.tb group by tb order by tb;
             tb             |  max   |     max     |         max          |  max  |          max           |     max     | max |          max
----------------------------+--------+-------------+----------------------+-------+------------------------+-------------+-----+-------------------------
  2020-11-06 17:10:15+00:00 |      1 | NULL        |                 7000 | false |              70.707703 | 700.5675675 | a   | test测试！！！@TEST1
  2020-11-06 17:10:45+00:00 | -32768 | -2147483648 | -9223372036854775808 | false | -9.223372036854776e+18 |  100.111111 | b   | test测试！！！@TEST1
  2022-05-01 12:10:15+00:00 |  32767 |  2147483647 |  9223372036854775807 | true  | 9.223372036854776e+18  |  500.578578 | d   | \\test测试！！！@TEST1
  2022-05-01 12:10:30+00:00 |      4 |         400 |                 4000 | false |                 50.555 |  500.578578 | d   | \\test测试！！！@TEST1
  2023-05-10 09:08:15+00:00 |      6 |         100 |                 6000 | true  |              60.606602 |  600.123455 | b   | test测试！！！@TEST1
  2023-05-10 09:15:15+00:00 |      7 |         200 |                 2000 | true  |                -10.123 |  500.578578 | c   | test测试！！！@TEST1
(6 rows)
> select time_bucket(k_timestamp, '15s') as tb, max(t9),max(t10),max(t11),max(t12),max(t13),max(t14),max(t15),max(t16) from test_select_timebucket.tb group by tb order by tb;
             tb             | max |         max          |           max            |    max    | max  |                     max                      |             max              |         max
----------------------------+-----+----------------------+--------------------------+-----------+------+----------------------------------------------+------------------------------+-----------------------
  2020-11-06 17:10:15+00:00 | e   | \a                   | NULL                     | vvvaa64_1 | \x62 | \x74657374e6b58be8af95313032335f31           | \x7677777773e6b58be8af955f31 | \x616161626262
  2020-11-06 17:10:45+00:00 |     | test测试！TEST1xaa   | \0test查询  @TEST1\0     | e         | \x79 | \x746573744040e6b58be8af95efbc81313032335f31 | \x7677777773e6b58be8af955f31 | \x63636364646465
  2022-05-01 12:10:15+00:00 | e   | test测试！T  EST1xaa | 查询查询                 | \\        | \x74 | \x6573313032335f32                           | \x735f2034                   | \x7777343039365f32
  2022-05-01 12:10:30+00:00 | e   | test测试！T  EST1xaa | 查询查询                 | \\        | \x65 | \x6573313032335f32                           | \x735f2034                   | \x7777343039365f32
  2023-05-10 09:08:15+00:00 | f   | 测试！TEST1xaa       | 5555 5                   | 测试测试  | \x79 | \x74657374e6b58be8af9531305f31               | \x7677777773e4b8ade696875f31 | \x6364646465
  2023-05-10 09:15:15+00:00 | g   | abc                  | \0test查询！！！@TEST1\0 | 64_3      | \x74 | \x6573313032335f32                           | \x66                         | \x746573343039365f32
(6 rows)
> select time_bucket(k_timestamp, '15s') as tb, max(t1),max(t4),max(t8),max(t12) from test_select_timebucket.tb group by tb order by tb;
             tb             |  max   |  max  |          max           |    max
----------------------------+--------+-------+------------------------+------------
  2020-11-06 17:10:15+00:00 |      1 | false | test测试！！！@TEST1   | vvvaa64_1
  2020-11-06 17:10:45+00:00 | -32768 | false | test测试！！！@TEST1   | e
  2022-05-01 12:10:15+00:00 |  32767 | true  | \\test测试！！！@TEST1 | \\
  2022-05-01 12:10:30+00:00 |      4 | false | \\test测试！！！@TEST1 | \\
  2023-05-10 09:08:15+00:00 |      6 | true  | test测试！！！@TEST1   | 测试测试
  2023-05-10 09:15:15+00:00 |      7 | true  | test测试！！！@TEST1   | 64_3
(6 rows)
> select time_bucket(k_timestamp, '15s') as tb, max(t2),max(t7),max(t9),max(t10) from test_select_timebucket.tb2 group by tb order by tb;
             tb             | max | max | max |      max
----------------------------+-----+-----+-----+-----------------
  2023-05-10 09:08:15+00:00 | 600 | b   | f   | 测试！TEST1xaa
(1 row)
> select time_bucket(k_timestamp, '15s') as tb, max(t3),max(t11),max(t13),max(t14) from test_select_timebucket.tb3 group by tb order by tb;
             tb             | max  |           max            | max  |        max
----------------------------+------+--------------------------+------+---------------------
  2023-05-10 09:15:15+00:00 | 8000 | \0test查询！！！@TEST1\0 | \x74 | \x6573313032335f32
  2024-05-10 23:23:15+00:00 | 2000 | \0test查询！！！@TEST1\0 | \x74 | \x6573313032335f32
(2 rows)
> select time_bucket(k_timestamp, '15s') as tb, max(t1),max(t4),max(t9),max(t11) from test_select_timebucket.tb group by tb order by tb;
             tb             |  max   |  max  | max |           max
----------------------------+--------+-------+-----+---------------------------
  2020-11-06 17:10:15+00:00 |      1 | false | e   | NULL
  2020-11-06 17:10:45+00:00 | -32768 | false |     | \0test查询  @TEST1\0
  2022-05-01 12:10:15+00:00 |  32767 | true  | e   | 查询查询
  2022-05-01 12:10:30+00:00 |      4 | false | e   | 查询查询
  2023-05-10 09:08:15+00:00 |      6 | true  | f   | 5555 5
  2023-05-10 09:15:15+00:00 |      7 | true  | g   | \0test查询！！！@TEST1\0
(6 rows)
> select time_bucket(k_timestamp, '15s') as tb, max(t5),max(t8),max(t9),max(t10) from test_select_timebucket.tb2 group by tb order by tb;
             tb             |    max    |         max          | max |      max
----------------------------+-----------+----------------------+-----+-----------------
  2023-05-10 09:08:15+00:00 | 60.606602 | test测试！！！@TEST1 | f   | 测试！TEST1xaa
(1 row)
> select time_bucket(k_timestamp, '15s') as tb, max(t3),max(t10),max(t11),max(t13),max(t14),max(t16) from test_select_timebucket.tb3 group by tb order by tb;
             tb             | max  | max |           max            | max  |        max         |         max
----------------------------+------+-----+--------------------------+------+--------------------+-----------------------
  2023-05-10 09:15:15+00:00 | 8000 | ddd | \0test查询！！！@TEST1\0 | \x74 | \x6573313032335f32 | \x746573343039365f32
  2024-05-10 23:23:15+00:00 | 2000 | abc | \0test查询！！！@TEST1\0 | \x74 | \x6573313032335f32 | \x746573343039365f32
(2 rows)
> select time_bucket(k_timestamp, '15s') as tb, max(t1),max(t2),max(t3),max(t4),max(e5),max(e6),max(e7),max(e8) from test_select_timebucket.tb group by tb order by tb;
             tb             |  max   |     max     |         max          |  max  |     max     |         max         |  max  | max
----------------------------+--------+-------------+----------------------+-------+-------------+---------------------+-------+-------
  2020-11-06 17:10:15+00:00 |      1 | NULL        |                 7000 | false | 700000.6875 | 7.0000001010101e+06 | true  | NULL
  2020-11-06 17:10:45+00:00 | -32768 | -2147483648 | -9223372036854775808 | false |  600000.625 | 4.0000004040404e+06 | false |
  2022-05-01 12:10:15+00:00 |  32767 |  2147483647 |  9223372036854775807 | true  |    500000.5 | 5.000000505055e+06  | true  | h
  2022-05-01 12:10:30+00:00 |      4 |         400 |                 4000 | false |   -500000.5 | -5.000000505055e+06 | true  | h
  2023-05-10 09:08:15+00:00 |      6 |         100 |                 6000 | true  | 600000.6875 | 4.0000004040404e+06 | true  | r
  2023-05-10 09:15:15+00:00 |      7 |         200 |                 2000 | true  |    500000.5 | 5.000000505055e+06  | false | c
(6 rows)
> select time_bucket(k_timestamp, '15s') as tb, max(e1),max(e2),max(e3),max(e4),max(t5),max(t6),max(t7),max(t8) from test_select_timebucket.tb group by tb order by tb;
             tb             |              max              | max | max  |  max  |          max           |     max     | max |          max
----------------------------+-------------------------------+-----+------+-------+------------------------+-------------+-----+-------------------------
  2020-11-06 17:10:15+00:00 | 1970-01-01 08:00:00+00:00     | 700 | 7000 | 70000 |              70.707703 | 700.5675675 | a   | test测试！！！@TEST1
  2020-11-06 17:10:45+00:00 | 2019-12-06 18:10:23+00:00     | 100 | 3000 | 40000 | -9.223372036854776e+18 |  100.111111 | b   | test测试！！！@TEST1
  2022-05-01 12:10:15+00:00 | 2020-05-01 20:30:00+00:00     | 500 | 5000 | 60000 | 9.223372036854776e+18  |  500.578578 | d   | \\test测试！！！@TEST1
  2022-05-01 12:10:30+00:00 | 2020-05-01 22:30:11+00:00     | 500 | 5000 | 50000 |                 50.555 |  500.578578 | d   | \\test测试！！！@TEST1
  2023-05-10 09:08:15+00:00 | 2021-06-01 10:00:00+00:00     | 600 | 6000 | 60000 |              60.606602 |  600.123455 | b   | test测试！！！@TEST1
  2023-05-10 09:15:15+00:00 | 2021-06-10 06:04:15.183+00:00 | 500 | 5000 | 60000 |                -10.123 |  500.578578 | c   | test测试！！！@TEST1
(6 rows)
> select time_bucket(k_timestamp, '15s') as tb, max(t9),max(t10),max(t11),max(t12),max(e13),max(e14),max(e15),max(e16) from test_select_timebucket.tb group by tb order by tb;
             tb             | max |         max          |           max            |    max    |        max        |          max          |   max    |         max
----------------------------+-----+----------------------+--------------------------+-----------+-------------------+-----------------------+----------+----------------------
  2020-11-06 17:10:15+00:00 | e   | \a                   | NULL                     | vvvaa64_1 | NULL              | NULL                  | NULL     | NULL
  2020-11-06 17:10:45+00:00 |     | test测试！TEST1xaa   | \0test查询  @TEST1\0     | e         |                   |                       | NULL     |
  2022-05-01 12:10:15+00:00 | e   | test测试！T  EST1xaa | 查询查询                 | \\        | v255测试1cdf~#    | lengthis4096  测试%&! | ar-1     | ar255()*&^%{}
  2022-05-01 12:10:30+00:00 | e   | test测试！T  EST1xaa | 查询查询                 | \\        | v2551cdf~#        |   测试%&!             | ar-1     | ar255()*&^%{}
  2023-05-10 09:08:15+00:00 | f   | 测试！TEST1xaa       | 5555 5                   | 测试测试  | NULL              | hof4096查询test%&!    | NULL     | ar255{}
  2023-05-10 09:15:15+00:00 | g   | abc                  | \0test查询！！！@TEST1\0 | 64_3      | NULL              | 测试测试              | @TEST1   | abc255测试1()*&^%{}
(6 rows)
> select time_bucket(k_timestamp, '15s') as tb, max(e9),max(e10),max(e11),max(e12),max(t13),max(t14),max(t15),max(t16) from test_select_timebucket.tb group by tb order by tb;
             tb             |          max          | max  |        max        |      max       | max  |                     max                      |             max              |         max
----------------------------+-----------------------+------+-------------------+----------------+------+----------------------------------------------+------------------------------+-----------------------
  2020-11-06 17:10:15+00:00 | NULL                  | NULL | NULL              | NULL           | \x62 | \x74657374e6b58be8af95313032335f31           | \x7677777773e6b58be8af955f31 | \x616161626262
  2020-11-06 17:10:45+00:00 |                       |      |                   |                | \x79 | \x746573744040e6b58be8af95efbc81313032335f31 | \x7677777773e6b58be8af955f31 | \x63636364646465
  2022-05-01 12:10:15+00:00 | test测试！！！@TEST1  | n    | 类型测试1()*      | testTest       | \x74 | \x6573313032335f32                           | \x735f2034                   | \x7777343039365f32
  2022-05-01 12:10:30+00:00 | ar2                   | c    | r255测试2()*&^%{} | \\             | \x65 | \x6573313032335f32                           | \x735f2034                   | \x7777343039365f32
  2023-05-10 09:08:15+00:00 | a r3                  | a    | r255测试1{}       | varchar  中文1 | \x79 | \x74657374e6b58be8af9531305f31               | \x7677777773e4b8ade696875f31 | \x6364646465
  2023-05-10 09:15:15+00:00 | test测试！！！@TEST1  | n    | 类型测试1()*      | NULL           | \x74 | \x6573313032335f32                           | \x66                         | \x746573343039365f32
(6 rows)
> select time_bucket(k_timestamp, '15s') as tb, max(t1),max(t4),max(t8),max(t12),max(e3),max(e9) from test_select_timebucket.tb group by tb order by tb;
             tb             |  max   |  max  |          max           |    max    | max  |          max
----------------------------+--------+-------+------------------------+-----------+------+------------------------
  2020-11-06 17:10:15+00:00 |      1 | false | test测试！！！@TEST1   | vvvaa64_1 | 7000 | NULL
  2020-11-06 17:10:45+00:00 | -32768 | false | test测试！！！@TEST1   | e         | 3000 |
  2022-05-01 12:10:15+00:00 |  32767 | true  | \\test测试！！！@TEST1 | \\        | 5000 | test测试！！！@TEST1
  2022-05-01 12:10:30+00:00 |      4 | false | \\test测试！！！@TEST1 | \\        | 5000 | ar2
  2023-05-10 09:08:15+00:00 |      6 | true  | test测试！！！@TEST1   | 测试测试  | 6000 | a r3
  2023-05-10 09:15:15+00:00 |      7 | true  | test测试！！！@TEST1   | 64_3      | 5000 | test测试！！！@TEST1
(6 rows)
> select time_bucket(k_timestamp, '15s') as tb, max(t2),max(t7),max(t9),max(t10),max(e10),max(e11) from test_select_timebucket.tb2 group by tb order by tb;
             tb             | max | max | max |      max       | max |     max
----------------------------+-----+-----+-----+----------------+-----+--------------
  2023-05-10 09:08:15+00:00 | 600 | b   | f   | 测试！TEST1xaa | a   | r255测试1{}
(1 row)
> select time_bucket(k_timestamp, '15s') as tb, max(t3),max(t11),max(t13),max(t14),max(e6),max(e15) from test_select_timebucket.tb3 group by tb order by tb;
             tb             | max  |           max            | max  |        max         |        max         |   max
----------------------------+------+--------------------------+------+--------------------+--------------------+-----------
  2023-05-10 09:15:15+00:00 | 8000 | \0test查询！！！@TEST1\0 | \x74 | \x6573313032335f32 | 5.000000505055e+06 | @TEST1
  2024-05-10 23:23:15+00:00 | 2000 | \0test查询！！！@TEST1\0 | \x74 | \x6573313032335f32 | 8.000000808088e+06 | @TEST1
(2 rows)
> select time_bucket(k_timestamp, '15s') as tb, max(t1),max(t4),max(t9),max(t11),max(e8),max(e12) from test_select_timebucket.tb group by tb order by tb;
             tb             |  max   |  max  | max |           max            | max  |      max
----------------------------+--------+-------+-----+--------------------------+------+-----------------
  2020-11-06 17:10:15+00:00 |      1 | false | e   | NULL                     | NULL | NULL
  2020-11-06 17:10:45+00:00 | -32768 | false |     | \0test查询  @TEST1\0     |      |
  2022-05-01 12:10:15+00:00 |  32767 | true  | e   | 查询查询                 | h    | testTest
  2022-05-01 12:10:30+00:00 |      4 | false | e   | 查询查询                 | h    | \\
  2023-05-10 09:08:15+00:00 |      6 | true  | f   | 5555 5                   | r    | varchar  中文1
  2023-05-10 09:15:15+00:00 |      7 | true  | g   | \0test查询！！！@TEST1\0 | c    | NULL
(6 rows)
> select time_bucket(k_timestamp, '15s') as tb, max(e2),max(e7),max(t5),max(t8),max(t9),max(t10) from test_select_timebucket.tb2 group by tb order by tb;
             tb             | max | max  |    max    |         max          | max |      max
----------------------------+-----+------+-----------+----------------------+-----+-----------------
  2023-05-10 09:08:15+00:00 | 600 | true | 60.606602 | test测试！！！@TEST1 | f   | 测试！TEST1xaa
(1 row)
> select time_bucket(k_timestamp, '15s') as tb, max(t3),max(t11),max(e14),max(t16),max(e18),max(e19) from test_select_timebucket.tb3 group by tb order by tb;
             tb             | max  |           max            |      max       |         max          | max  |            max
----------------------------+------+--------------------------+----------------+----------------------+------+-----------------------------
  2023-05-10 09:15:15+00:00 | 8000 | \0test查询！！！@TEST1\0 | 255测试1cdf~#  | \x746573343039365f32 | \x62 | \xe69fa5e8afa2313032335f32
  2024-05-10 23:23:15+00:00 | 2000 | \0test查询！！！@TEST1\0 | 255测试1cdf~#  | \x746573343039365f32 | \x62 | \xe69fa5e8afa2313032335f32
(2 rows)
> select time_bucket(k_timestamp, '15s') as tb, max(e11),max(t13),max(t14),max(t16),max(e22) from test_select_timebucket.tb3 group by tb order by tb;
             tb             |      max       | max  |        max         |         max          |    max
----------------------------+----------------+------+--------------------+----------------------+-------------
  2023-05-10 09:15:15+00:00 | 类型测试1()*   | \x74 | \x6573313032335f32 | \x746573343039365f32 | \xbbccbbbb
  2024-05-10 23:23:15+00:00 | 类型测试1()*   | \x74 | \x6573313032335f32 | \x746573343039365f32 | \xbbccbbbb
(2 rows)
> select time_bucket(k_timestamp, '10s') as tb, min(e1),min(e3),min(e5),min(e7),min(e9),min(e11),min(e13),min(e15),min(e17),min(e19),min(e21) from test_select_timebucket.tb group by tb order by tb;
             tb             |              min              | min  |     min     |  min  |          min          |        min        |      min      |   min    |      min       |            min             |   min
----------------------------+-------------------------------+------+-------------+-------+-----------------------+-------------------+---------------+----------+----------------+----------------------------+-----------
  2020-11-06 17:10:20+00:00 | 1970-01-01 08:00:00+00:00     | 7000 | 700000.6875 | true  | NULL                  | NULL              | NULL          | NULL     | NULL           | NULL                       | NULL
  2020-11-06 17:10:50+00:00 | 2019-12-06 18:10:23+00:00     | 3000 |  600000.625 | false |                       |                   |               | NULL     |                | \x                         | \x
  2022-05-01 12:10:20+00:00 | 2020-05-01 17:00:00+00:00     | 5000 |   -500000.5 | false | ar2                   | r255测试2()*&^%{} | e             | @TEST1   | 6_1测试1&^%{}  | \x73313032335f31           | \xaabbcc
  2022-05-01 12:10:30+00:00 | 2020-05-01 22:30:11+00:00     | 5000 |   -500000.5 | true  | ar2                   | r255测试2()*&^%{} | v2551cdf~#    | ar-1     | 6_1测试1&^%{}  | \x73313032335f31           | NULL
  2023-05-10 09:08:10+00:00 | 2021-05-10 09:04:18.223+00:00 | 3000 |  600000.625 | false | \a r3                 | r255测试1(){}     | NULL          | NULL     | ar4096测试1%{} | \x6573313032335f30         | \xbbeeff
  2023-05-10 09:15:10+00:00 | 2021-06-10 06:04:15.183+00:00 | 5000 |    500000.5 | false | test测试！！！@TEST1  | 类型测试1()*      | NULL          | @TEST1   | deg4096测试1(  | \xe69fa5e8afa2313032335f32 | \xaaaaaa
(6 rows)
> select time_bucket(k_timestamp, '15s') as tb, min(e2),min(e4),min(e6),min(e8),min(e10),min(e12),min(e14),min(e16),min(e18),min(e20),min(e22) from test_select_timebucket.tb group by tb order by tb;
             tb             | min |  min  |         min         | min  | min  |      min       |          min           |         min         | min  |           min            |    min
----------------------------+-----+-------+---------------------+------+------+----------------+------------------------+---------------------+------+--------------------------+-------------
  2020-11-06 17:10:15+00:00 | 700 | 70000 | 7.0000001010101e+06 | NULL | NULL | NULL           | NULL                   | NULL                | NULL | NULL                     | NULL
  2020-11-06 17:10:45+00:00 | 100 | 40000 | 4.0000004040404e+06 |      |      |                |                        |                     | \x   | \x                       | NULL
  2022-05-01 12:10:15+00:00 | 500 | 50000 | -5.000000505055e+06 | c    | c    | \\\\           | 40964096               | abc255测试1()*&^%{} | \x62 | \x7465735fe6b58be8af9531 | \xaaaabbbb
  2022-05-01 12:10:30+00:00 | 500 | 50000 | -5.000000505055e+06 | h    | c    | \\             |   测试%&!              | ar255()*&^%{}       | \x79 | \x797465735f32           | \xccccdddd
  2023-05-10 09:08:15+00:00 | 100 | 40000 |       666660.101011 | r    | a    | varchar  中文1 | hof4096查询test%%&!    | ar255{}             | \x65 | NULL                     | NULL
  2023-05-10 09:15:15+00:00 | 500 | 60000 | 5.000000505055e+06  | c    | n    | NULL           | 测试测试               | abc255测试1()*&^%{} | \x62 | \x7465735fe6b58be8af9531 | \xbbccbbbb
(6 rows)
> select time_bucket(k_timestamp, '15s') as tb, min(t1),min(t2),min(t3),min(t4),min(t5),min(t6),min(t7),min(t8) from test_select_timebucket.tb group by tb order by tb;
             tb             |  min   |     min     |         min          |  min  |          min           |     min     | min |          min
----------------------------+--------+-------------+----------------------+-------+------------------------+-------------+-----+-------------------------
  2020-11-06 17:10:15+00:00 |      1 | NULL        |                 7000 | false |              70.707703 | 700.5675675 | a   | test测试！！！@TEST1
  2020-11-06 17:10:45+00:00 | -32768 | -2147483648 | -9223372036854775808 | false | -9.223372036854776e+18 |  100.111111 | b   | test测试！！！@TEST1
  2022-05-01 12:10:15+00:00 |      4 |         400 |                 4000 | false |                 50.555 |  500.578578 |     |
  2022-05-01 12:10:30+00:00 |      4 |         400 |                 4000 | false |                 50.555 |  500.578578 | d   | \\test测试！！！@TEST1
  2023-05-10 09:08:15+00:00 |      5 |         100 |                 1000 | false |                -10.123 |  100.111111 | a   | \\TEST1
  2023-05-10 09:15:15+00:00 |      7 |         200 |                 2000 | true  |                -10.123 |  500.578578 | c   | test测试！！！@TEST1
(6 rows)
> select time_bucket(k_timestamp, '15s') as tb, min(t9),min(t11),min(t12),min(t13),min(t14),min(t15),min(t16) from test_select_timebucket.tb group by tb order by tb;
             tb             | min |           min            |    min    | min  |                     min                      |             min              |         min
----------------------------+-----+--------------------------+-----------+------+----------------------------------------------+------------------------------+-----------------------
  2020-11-06 17:10:15+00:00 | e   | NULL                     | vvvaa64_1 | \x62 | \x74657374e6b58be8af95313032335f31           | \x7677777773e6b58be8af955f31 | \x616161626262
  2020-11-06 17:10:45+00:00 |     | \0test查询  @TEST1\0     | e         | \x79 | \x746573744040e6b58be8af95efbc81313032335f31 | \x7677777773e6b58be8af955f31 | \x63636364646465
  2022-05-01 12:10:15+00:00 |     | \0test查询！！！@TEST1\0 | 64_3      | \x65 | \x6573313032335f32                           | \x66                         | \x746573343039365f32
  2022-05-01 12:10:30+00:00 | e   | 查询查询                 | \\        | \x65 | \x6573313032335f32                           | \x735f2034                   | \x7777343039365f32
  2023-05-10 09:08:15+00:00 | e   | 5555 5                   |   bdbd    | \x62 | \x7465737440e6b58be8af95efbc8131305f31       | \x76777777735f31             | \x6364646465
  2023-05-10 09:15:15+00:00 | g   | \0test查询！！！@TEST1\0 | 64_3      | \x74 | \x6573313032335f32                           | \x66                         | \x746573343039365f32
(6 rows)
> select time_bucket(k_timestamp, '15s') as tb, min(t1),min(t4),min(t8),min(t12) from test_select_timebucket.tb group by tb order by tb;
             tb             |  min   |  min  |          min           |    min
----------------------------+--------+-------+------------------------+------------
  2020-11-06 17:10:15+00:00 |      1 | false | test测试！！！@TEST1   | vvvaa64_1
  2020-11-06 17:10:45+00:00 | -32768 | false | test测试！！！@TEST1   | e
  2022-05-01 12:10:15+00:00 |      4 | false |                        | 64_3
  2022-05-01 12:10:30+00:00 |      4 | false | \\test测试！！！@TEST1 | \\
  2023-05-10 09:08:15+00:00 |      5 | false | \\TEST1                |   bdbd
  2023-05-10 09:15:15+00:00 |      7 | true  | test测试！！！@TEST1   | 64_3
(6 rows)
> select time_bucket(k_timestamp, '15s') as tb, min(t2),min(t7),min(t9),min(t10) from test_select_timebucket.tb2 group by tb order by tb;
             tb             | min | min | min | min
----------------------------+-----+-----+-----+------
  2023-05-10 09:08:15+00:00 | 100 | a   | e   | \a
(1 row)
> select time_bucket(k_timestamp, '15s') as tb, min(t3),min(t11),min(t13),min(t14) from test_select_timebucket.tb3 group by tb order by tb;
             tb             | min  |           min            | min  |        min
----------------------------+------+--------------------------+------+---------------------
  2023-05-10 09:15:15+00:00 | 8000 | \0test查询！！！@TEST1\0 | \x74 | \x6573313032335f32
  2024-05-10 23:23:15+00:00 | 2000 | \0test查询！！！@TEST1\0 | \x74 | \x6573313032335f32
(2 rows)
> select time_bucket(k_timestamp, '15s') as tb, min(t1),min(t4),min(t9),min(t11) from test_select_timebucket.tb group by tb order by tb;
             tb             |  min   |  min  | min |           min
----------------------------+--------+-------+-----+---------------------------
  2020-11-06 17:10:15+00:00 |      1 | false | e   | NULL
  2020-11-06 17:10:45+00:00 | -32768 | false |     | \0test查询  @TEST1\0
  2022-05-01 12:10:15+00:00 |      4 | false |     | \0test查询！！！@TEST1\0
  2022-05-01 12:10:30+00:00 |      4 | false | e   | 查询查询
  2023-05-10 09:08:15+00:00 |      5 | false | e   | 5555 5
  2023-05-10 09:15:15+00:00 |      7 | true  | g   | \0test查询！！！@TEST1\0
(6 rows)
> select time_bucket(k_timestamp, '15s') as tb, min(t5),min(t8),min(t9),min(t10) from test_select_timebucket.tb2 group by tb order by tb;
             tb             |   min   |   min    | min | min
----------------------------+---------+----------+-----+------
  2023-05-10 09:08:15+00:00 | -10.123 | \\TEST1  | e   | \a
(1 row)
> select time_bucket(k_timestamp, '15s') as tb, min(t3),min(t10),min(t11),min(t13),min(t14),min(t16) from test_select_timebucket.tb3 group by tb order by tb;
             tb             | min  | min |           min            | min  |        min         |         min
----------------------------+------+-----+--------------------------+------+--------------------+-----------------------
  2023-05-10 09:15:15+00:00 | 8000 | ddd | \0test查询！！！@TEST1\0 | \x74 | \x6573313032335f32 | \x746573343039365f32
  2024-05-10 23:23:15+00:00 | 2000 | abc | \0test查询！！！@TEST1\0 | \x74 | \x6573313032335f32 | \x746573343039365f32
(2 rows)
> select time_bucket(k_timestamp, '15s') as tb, min(t1),min(t2),min(t3),min(t4),min(e5),min(e6),min(e7),min(e8) from test_select_timebucket.tb group by tb order by tb;
             tb             |  min   |     min     |         min          |  min  |     min     |         min         |  min  | min
----------------------------+--------+-------------+----------------------+-------+-------------+---------------------+-------+-------
  2020-11-06 17:10:15+00:00 |      1 | NULL        |                 7000 | false | 700000.6875 | 7.0000001010101e+06 | true  | NULL
  2020-11-06 17:10:45+00:00 | -32768 | -2147483648 | -9223372036854775808 | false |  600000.625 | 4.0000004040404e+06 | false |
  2022-05-01 12:10:15+00:00 |      4 |         400 |                 4000 | false |   -500000.5 | -5.000000505055e+06 | false | c
  2022-05-01 12:10:30+00:00 |      4 |         400 |                 4000 | false |   -500000.5 | -5.000000505055e+06 | true  | h
  2023-05-10 09:08:15+00:00 |      5 |         100 |                 1000 | false |  600000.625 |       666660.101011 | false | r
  2023-05-10 09:15:15+00:00 |      7 |         200 |                 2000 | true  |    500000.5 | 5.000000505055e+06  | false | c
(6 rows)
> select time_bucket(k_timestamp, '15s') as tb, min(e1),min(e2),min(e3),min(e4),min(t5),min(t6),min(t7),min(t8) from test_select_timebucket.tb group by tb order by tb;
             tb             |              min              | min | min  |  min  |          min           |     min     | min |          min
----------------------------+-------------------------------+-----+------+-------+------------------------+-------------+-----+-------------------------
  2020-11-06 17:10:15+00:00 | 1970-01-01 08:00:00+00:00     | 700 | 7000 | 70000 |              70.707703 | 700.5675675 | a   | test测试！！！@TEST1
  2020-11-06 17:10:45+00:00 | 2019-12-06 18:10:23+00:00     | 100 | 3000 | 40000 | -9.223372036854776e+18 |  100.111111 | b   | test测试！！！@TEST1
  2022-05-01 12:10:15+00:00 | 2020-05-01 17:00:00+00:00     | 500 | 5000 | 50000 |                 50.555 |  500.578578 |     |
  2022-05-01 12:10:30+00:00 | 2020-05-01 22:30:11+00:00     | 500 | 5000 | 50000 |                 50.555 |  500.578578 | d   | \\test测试！！！@TEST1
  2023-05-10 09:08:15+00:00 | 2021-05-10 09:04:18.223+00:00 | 100 | 3000 | 40000 |                -10.123 |  100.111111 | a   | \\TEST1
  2023-05-10 09:15:15+00:00 | 2021-06-10 06:04:15.183+00:00 | 500 | 5000 | 60000 |                -10.123 |  500.578578 | c   | test测试！！！@TEST1
(6 rows)
> select time_bucket(k_timestamp, '15s') as tb, min(t9),min(t11),min(t12),min(e13),min(e14),min(e15),min(e16) from test_select_timebucket.tb group by tb order by tb;
             tb             | min |           min            |    min    |      min      |          min           |   min    |         min
----------------------------+-----+--------------------------+-----------+---------------+------------------------+----------+----------------------
  2020-11-06 17:10:15+00:00 | e   | NULL                     | vvvaa64_1 | NULL          | NULL                   | NULL     | NULL
  2020-11-06 17:10:45+00:00 |     | \0test查询  @TEST1\0     | e         |               |                        | NULL     |
  2022-05-01 12:10:15+00:00 |     | \0test查询！！！@TEST1\0 | 64_3      | e             | 40964096               | @TEST1   | abc255测试1()*&^%{}
  2022-05-01 12:10:30+00:00 | e   | 查询查询                 | \\        | v2551cdf~#    |   测试%&!              | ar-1     | ar255()*&^%{}
  2023-05-10 09:08:15+00:00 | e   | 5555 5                   |   bdbd    | NULL          | hof4096查询test%%&!    | NULL     | ar255{}
  2023-05-10 09:15:15+00:00 | g   | \0test查询！！！@TEST1\0 | 64_3      | NULL          | 测试测试               | @TEST1   | abc255测试1()*&^%{}
(6 rows)
> select time_bucket(k_timestamp, '15s') as tb, min(e9),min(e10),min(e11),min(e12),min(t13),min(t14),min(t15),min(t16) from test_select_timebucket.tb group by tb order by tb;
             tb             |          min          | min  |        min        |      min       | min  |                     min                      |             min              |         min
----------------------------+-----------------------+------+-------------------+----------------+------+----------------------------------------------+------------------------------+-----------------------
  2020-11-06 17:10:15+00:00 | NULL                  | NULL | NULL              | NULL           | \x62 | \x74657374e6b58be8af95313032335f31           | \x7677777773e6b58be8af955f31 | \x616161626262
  2020-11-06 17:10:45+00:00 |                       |      |                   |                | \x79 | \x746573744040e6b58be8af95efbc81313032335f31 | \x7677777773e6b58be8af955f31 | \x63636364646465
  2022-05-01 12:10:15+00:00 | ar2                   | c    | r255测试2()*&^%{} | \\\\           | \x65 | \x6573313032335f32                           | \x66                         | \x746573343039365f32
  2022-05-01 12:10:30+00:00 | ar2                   | c    | r255测试2()*&^%{} | \\             | \x65 | \x6573313032335f32                           | \x735f2034                   | \x7777343039365f32
  2023-05-10 09:08:15+00:00 | \a r3                 | a    | r255测试1(){}     | varchar  中文1 | \x62 | \x7465737440e6b58be8af95efbc8131305f31       | \x76777777735f31             | \x6364646465
  2023-05-10 09:15:15+00:00 | test测试！！！@TEST1  | n    | 类型测试1()*      | NULL           | \x74 | \x6573313032335f32                           | \x66                         | \x746573343039365f32
(6 rows)
> select time_bucket(k_timestamp, '15s') as tb, min(t1),min(t4),min(t8),min(t12),min(e3),min(e9) from test_select_timebucket.tb group by tb order by tb;
             tb             |  min   |  min  |          min           |    min    | min  |          min
----------------------------+--------+-------+------------------------+-----------+------+------------------------
  2020-11-06 17:10:15+00:00 |      1 | false | test测试！！！@TEST1   | vvvaa64_1 | 7000 | NULL
  2020-11-06 17:10:45+00:00 | -32768 | false | test测试！！！@TEST1   | e         | 3000 |
  2022-05-01 12:10:15+00:00 |      4 | false |                        | 64_3      | 5000 | ar2
  2022-05-01 12:10:30+00:00 |      4 | false | \\test测试！！！@TEST1 | \\        | 5000 | ar2
  2023-05-10 09:08:15+00:00 |      5 | false | \\TEST1                |   bdbd    | 3000 | \a r3
  2023-05-10 09:15:15+00:00 |      7 | true  | test测试！！！@TEST1   | 64_3      | 5000 | test测试！！！@TEST1
(6 rows)
> select time_bucket(k_timestamp, '15s') as tb, min(t2),min(t7),min(t9),min(t10),min(e10),min(e11) from test_select_timebucket.tb2 group by tb order by tb;
             tb             | min | min | min | min | min |      min
----------------------------+-----+-----+-----+-----+-----+----------------
  2023-05-10 09:08:15+00:00 | 100 | a   | e   | \a  | a   | r255测试1(){}
(1 row)
> select time_bucket(k_timestamp, '15s') as tb, min(t3),min(t11),min(t13),min(t14),min(e6),min(e15) from test_select_timebucket.tb3 group by tb order by tb;
             tb             | min  |           min            | min  |        min         |        min         |   min
----------------------------+------+--------------------------+------+--------------------+--------------------+-----------
  2023-05-10 09:15:15+00:00 | 8000 | \0test查询！！！@TEST1\0 | \x74 | \x6573313032335f32 | 5.000000505055e+06 | @TEST1
  2024-05-10 23:23:15+00:00 | 2000 | \0test查询！！！@TEST1\0 | \x74 | \x6573313032335f32 | 8.000000808088e+06 | @TEST1
(2 rows)
> select time_bucket(k_timestamp, '15s') as tb, min(t1),min(t4),min(t9),min(t11),min(e8),min(e12) from test_select_timebucket.tb group by tb order by tb;
             tb             |  min   |  min  | min |           min            | min  |      min
----------------------------+--------+-------+-----+--------------------------+------+-----------------
  2020-11-06 17:10:15+00:00 |      1 | false | e   | NULL                     | NULL | NULL
  2020-11-06 17:10:45+00:00 | -32768 | false |     | \0test查询  @TEST1\0     |      |
  2022-05-01 12:10:15+00:00 |      4 | false |     | \0test查询！！！@TEST1\0 | c    | \\\\
  2022-05-01 12:10:30+00:00 |      4 | false | e   | 查询查询                 | h    | \\
  2023-05-10 09:08:15+00:00 |      5 | false | e   | 5555 5                   | r    | varchar  中文1
  2023-05-10 09:15:15+00:00 |      7 | true  | g   | \0test查询！！！@TEST1\0 | c    | NULL
(6 rows)
> select time_bucket(k_timestamp, '15s') as tb, min(e2),min(e7),min(t5),min(t8),min(t9),min(t10) from test_select_timebucket.tb2 group by tb order by tb;
             tb             | min |  min  |   min   |   min    | min | min
----------------------------+-----+-------+---------+----------+-----+------
  2023-05-10 09:08:15+00:00 | 100 | false | -10.123 | \\TEST1  | e   | \a
(1 row)
> select time_bucket(k_timestamp, '15s') as tb, min(t3),min(t11),min(e14),min(t16),min(e18),min(e19) from test_select_timebucket.tb3 group by tb order by tb;
             tb             | min  |           min            |      min       |         min          | min  |            min
----------------------------+------+--------------------------+----------------+----------------------+------+-----------------------------
  2023-05-10 09:15:15+00:00 | 8000 | \0test查询！！！@TEST1\0 | 255测试1cdf~#  | \x746573343039365f32 | \x62 | \xe69fa5e8afa2313032335f32
  2024-05-10 23:23:15+00:00 | 2000 | \0test查询！！！@TEST1\0 | 255测试1cdf~#  | \x746573343039365f32 | \x62 | \xe69fa5e8afa2313032335f32
(2 rows)
> select time_bucket(k_timestamp, '15s') as tb, min(e11),min(t13),min(t14),min(t16),min(e22) from test_select_timebucket.tb3 group by tb order by tb;
             tb             |      min       | min  |        min         |         min          |    min
----------------------------+----------------+------+--------------------+----------------------+-------------
  2023-05-10 09:15:15+00:00 | 类型测试1()*   | \x74 | \x6573313032335f32 | \x746573343039365f32 | \xbbccbbbb
  2024-05-10 23:23:15+00:00 | 类型测试1()*   | \x74 | \x6573313032335f32 | \x746573343039365f32 | \xbbccbbbb
(2 rows)
> select time_bucket(k_timestamp, '10s') as tb, sum(e2),sum(e3),sum(e4),sum(e5),sum(e6) from test_select_timebucket.tb group by tb order by tb;
             tb             | sum  |  sum  |  sum   |       sum        |         sum
----------------------------+------+-------+--------+------------------+----------------------
  2020-11-06 17:10:20+00:00 |  700 |  7000 |  70000 |      700000.6875 | 7.0000001010101e+06
  2020-11-06 17:10:50+00:00 |  100 |  3000 |  40000 |       600000.625 | 4.0000004040404e+06
  2022-05-01 12:10:20+00:00 | 1000 | 10000 | 110000 |                0 |                   0
  2022-05-01 12:10:30+00:00 |  500 |  5000 |  50000 |        -500000.5 | -5.000000505055e+06
  2023-05-10 09:08:10+00:00 |  700 |  9000 | 100000 | 1.2000013125e+06 | 4.6666605050514e+06
  2023-05-10 09:15:10+00:00 |  500 |  5000 |  60000 |         500000.5 | 5.000000505055e+06
(6 rows)
> select time_bucket(k_timestamp, '10s') as tb, sum(t1),sum(t2) from test_select_timebucket.tb group by tb order by tb;
             tb             |  sum   |     sum
----------------------------+--------+--------------
  2020-11-06 17:10:20+00:00 |      1 | NULL
  2020-11-06 17:10:50+00:00 | -32768 | -2147483648
  2022-05-01 12:10:20+00:00 |  32771 |  2147484047
  2022-05-01 12:10:30+00:00 |      4 |         400
  2023-05-10 09:08:10+00:00 |     11 |         100
  2023-05-10 09:15:10+00:00 |      7 |         200
(6 rows)
> select time_bucket(k_timestamp, '10s') as tb, sum(t5),sum(t6) from test_select_timebucket.tb group by tb order by tb;
             tb             |          sum           |        sum
----------------------------+------------------------+--------------------
  2020-11-06 17:10:20+00:00 |      70.70770263671875 |       700.5675675
  2020-11-06 17:10:50+00:00 | -9.223372036854776e+18 |        100.111111
  2022-05-01 12:10:20+00:00 | 9.223372036854776e+18  |       1001.157156
  2022-05-01 12:10:30+00:00 |      50.55500030517578 |        500.578578
  2023-05-10 09:08:10+00:00 |     50.483601570129395 | 700.2345660000001
  2023-05-10 09:15:10+00:00 |    -10.123000144958496 |        500.578578
(6 rows)
> select time_bucket(k_timestamp, '10s') as tb, sum(t1) from test_select_timebucket.tb group by tb order by tb;
             tb             |  sum
----------------------------+---------
  2020-11-06 17:10:20+00:00 |      1
  2020-11-06 17:10:50+00:00 | -32768
  2022-05-01 12:10:20+00:00 |  32771
  2022-05-01 12:10:30+00:00 |      4
  2023-05-10 09:08:10+00:00 |     11
  2023-05-10 09:15:10+00:00 |      7
(6 rows)
> select time_bucket(k_timestamp, '10s') as tb, sum(t2) from test_select_timebucket.tb2 group by tb order by tb;
             tb             | sum
----------------------------+------
  2023-05-10 09:08:10+00:00 | 700
(1 row)
> select time_bucket(k_timestamp, '10s') as tb, sum(t3) from test_select_timebucket.tb3 group by tb order by tb;
             tb             | sum
----------------------------+-------
  2023-05-10 09:15:10+00:00 | 8000
  2024-05-10 23:23:20+00:00 | 2000
(2 rows)
> select time_bucket(k_timestamp, '10s') as tb, sum(t1),sum(t2),sum(t5) from test_select_timebucket.tb group by tb order by tb;
             tb             |  sum   |     sum     |          sum
----------------------------+--------+-------------+-------------------------
  2020-11-06 17:10:20+00:00 |      1 | NULL        |      70.70770263671875
  2020-11-06 17:10:50+00:00 | -32768 | -2147483648 | -9.223372036854776e+18
  2022-05-01 12:10:20+00:00 |  32771 |  2147484047 | 9.223372036854776e+18
  2022-05-01 12:10:30+00:00 |      4 |         400 |      50.55500030517578
  2023-05-10 09:08:10+00:00 |     11 |         100 |     50.483601570129395
  2023-05-10 09:15:10+00:00 |      7 |         200 |    -10.123000144958496
(6 rows)
> select time_bucket(k_timestamp, '10s') as tb, sum(t2),sum(t6) from test_select_timebucket.tb2 group by tb order by tb;
             tb             | sum |        sum
----------------------------+-----+--------------------
  2023-05-10 09:08:10+00:00 | 700 | 700.2345660000001
(1 row)
> select time_bucket(k_timestamp, '10s') as tb, sum(t1),sum(t3),sum(t5),sum(t6) from test_select_timebucket.tb3 group by tb order by tb;
             tb             | sum | sum  |         sum         |    sum
----------------------------+-----+------+---------------------+-------------
  2023-05-10 09:15:10+00:00 |   8 | 8000 |  -20.12299919128418 | 800.578578
  2024-05-10 23:23:20+00:00 |   7 | 2000 | -10.123000144958496 | 500.578578
(2 rows)
> select time_bucket(k_timestamp, '10s') as tb, sum(t1),sum(t2),sum(e2),sum(e3),sum(e4) from test_select_timebucket.tb group by tb order by tb;
             tb             |  sum   |     sum     | sum  |  sum  |  sum
----------------------------+--------+-------------+------+-------+---------
  2020-11-06 17:10:20+00:00 |      1 | NULL        |  700 |  7000 |  70000
  2020-11-06 17:10:50+00:00 | -32768 | -2147483648 |  100 |  3000 |  40000
  2022-05-01 12:10:20+00:00 |  32771 |  2147484047 | 1000 | 10000 | 110000
  2022-05-01 12:10:30+00:00 |      4 |         400 |  500 |  5000 |  50000
  2023-05-10 09:08:10+00:00 |     11 |         100 |  700 |  9000 | 100000
  2023-05-10 09:15:10+00:00 |      7 |         200 |  500 |  5000 |  60000
(6 rows)
> select time_bucket(k_timestamp, '10s') as tb, sum(t5),sum(t6),sum(e5),sum(e6) from test_select_timebucket.tb group by tb order by tb;
             tb             |          sum           |        sum        |       sum        |         sum
----------------------------+------------------------+-------------------+------------------+----------------------
  2020-11-06 17:10:20+00:00 |      70.70770263671875 |       700.5675675 |      700000.6875 | 7.0000001010101e+06
  2020-11-06 17:10:50+00:00 | -9.223372036854776e+18 |        100.111111 |       600000.625 | 4.0000004040404e+06
  2022-05-01 12:10:20+00:00 | 9.223372036854776e+18  |       1001.157156 |                0 |                   0
  2022-05-01 12:10:30+00:00 |      50.55500030517578 |        500.578578 |        -500000.5 | -5.000000505055e+06
  2023-05-10 09:08:10+00:00 |     50.483601570129395 | 700.2345660000001 | 1.2000013125e+06 | 4.6666605050514e+06
  2023-05-10 09:15:10+00:00 |    -10.123000144958496 |        500.578578 |         500000.5 | 5.000000505055e+06
(6 rows)
> select time_bucket(k_timestamp, '10s') as tb, sum(t1),sum(e2) from test_select_timebucket.tb group by tb order by tb;
             tb             |  sum   | sum
----------------------------+--------+-------
  2020-11-06 17:10:20+00:00 |      1 |  700
  2020-11-06 17:10:50+00:00 | -32768 |  100
  2022-05-01 12:10:20+00:00 |  32771 | 1000
  2022-05-01 12:10:30+00:00 |      4 |  500
  2023-05-10 09:08:10+00:00 |     11 |  700
  2023-05-10 09:15:10+00:00 |      7 |  500
(6 rows)
> select time_bucket(k_timestamp, '10s') as tb, sum(t2),sum(e3),sum(e5) from test_select_timebucket.tb2 group by tb order by tb;
             tb             | sum | sum  |       sum
----------------------------+-----+------+-------------------
  2023-05-10 09:08:10+00:00 | 700 | 9000 | 1.2000013125e+06
(1 row)
> select time_bucket(k_timestamp, '10s') as tb, sum(t3),sum(e4),sum(e6) from test_select_timebucket.tb3 group by tb order by tb;
             tb             | sum  |  sum  |        sum
----------------------------+------+-------+---------------------
  2023-05-10 09:15:10+00:00 | 8000 | 60000 | 5.000000505055e+06
  2024-05-10 23:23:20+00:00 | 2000 | 80000 | 8.000000808088e+06
(2 rows)
> select time_bucket(k_timestamp, '10s') as tb, sum(t1),sum(e2) from test_select_timebucket.tb group by tb order by tb;
             tb             |  sum   | sum
----------------------------+--------+-------
  2020-11-06 17:10:20+00:00 |      1 |  700
  2020-11-06 17:10:50+00:00 | -32768 |  100
  2022-05-01 12:10:20+00:00 |  32771 | 1000
  2022-05-01 12:10:30+00:00 |      4 |  500
  2023-05-10 09:08:10+00:00 |     11 |  700
  2023-05-10 09:15:10+00:00 |      7 |  500
(6 rows)
> select time_bucket(k_timestamp, '10s') as tb, sum(t2),sum(e3),sum(t5) from test_select_timebucket.tb2 group by tb order by tb;
             tb             | sum | sum  |        sum
----------------------------+-----+------+---------------------
  2023-05-10 09:08:10+00:00 | 700 | 9000 | 50.483601570129395
(1 row)
> select time_bucket(k_timestamp, '10s') as tb, sum(t3),sum(e4),sum(t6) from test_select_timebucket.tb3 group by tb order by tb;
             tb             | sum  |  sum  |    sum
----------------------------+------+-------+-------------
  2023-05-10 09:15:10+00:00 | 8000 | 60000 | 800.578578
  2024-05-10 23:23:20+00:00 | 2000 | 80000 | 500.578578
(2 rows)
> select time_bucket(k_timestamp, '10s') as tb, avg(e2),avg(e3),avg(e4),avg(e5),avg(e6) from test_select_timebucket.tb group by tb order by tb;
             tb             | avg | avg  |  avg  |     avg      |         avg
----------------------------+-----+------+-------+--------------+----------------------
  2020-11-06 17:10:20+00:00 | 700 | 7000 | 70000 |  700000.6875 | 7.0000001010101e+06
  2020-11-06 17:10:50+00:00 | 100 | 3000 | 40000 |   600000.625 | 4.0000004040404e+06
  2022-05-01 12:10:20+00:00 | 500 | 5000 | 55000 |            0 |                   0
  2022-05-01 12:10:30+00:00 | 500 | 5000 | 50000 |    -500000.5 | -5.000000505055e+06
  2023-05-10 09:08:10+00:00 | 350 | 4500 | 50000 | 600000.65625 | 2.3333302525257e+06
  2023-05-10 09:15:10+00:00 | 500 | 5000 | 60000 |     500000.5 | 5.000000505055e+06
(6 rows)
> select time_bucket(k_timestamp, '10s') as tb, avg(t1),avg(t2) from test_select_timebucket.tb group by tb order by tb;
             tb             |   avg   |     avg
----------------------------+---------+---------------
  2020-11-06 17:10:20+00:00 |       1 | NULL
  2020-11-06 17:10:50+00:00 |  -32768 |  -2147483648
  2022-05-01 12:10:20+00:00 | 16385.5 | 1073742023.5
  2022-05-01 12:10:30+00:00 |       4 |          400
  2023-05-10 09:08:10+00:00 |     5.5 |          100
  2023-05-10 09:15:10+00:00 |       7 |          200
(6 rows)
> select time_bucket(k_timestamp, '10s') as tb, avg(t5),avg(t6) from test_select_timebucket.tb group by tb order by tb;
             tb             |          avg           |        avg
----------------------------+------------------------+---------------------
  2020-11-06 17:10:20+00:00 |      70.70770263671875 |        700.5675675
  2020-11-06 17:10:50+00:00 | -9.223372036854776e+18 |         100.111111
  2022-05-01 12:10:20+00:00 | 4.611686018427388e+18  |         500.578578
  2022-05-01 12:10:30+00:00 |      50.55500030517578 |         500.578578
  2023-05-10 09:08:10+00:00 |     25.241800785064697 | 350.11728300000004
  2023-05-10 09:15:10+00:00 |    -10.123000144958496 |         500.578578
(6 rows)
> select time_bucket(k_timestamp, '10s') as tb, avg(t1) from test_select_timebucket.tb group by tb order by tb;
             tb             |   avg
----------------------------+----------
  2020-11-06 17:10:20+00:00 |       1
  2020-11-06 17:10:50+00:00 |  -32768
  2022-05-01 12:10:20+00:00 | 16385.5
  2022-05-01 12:10:30+00:00 |       4
  2023-05-10 09:08:10+00:00 |     5.5
  2023-05-10 09:15:10+00:00 |       7
(6 rows)
> select time_bucket(k_timestamp, '10s') as tb, avg(t2) from test_select_timebucket.tb2 group by tb order by tb;
             tb             | avg
----------------------------+------
  2023-05-10 09:08:10+00:00 | 350
(1 row)
> select time_bucket(k_timestamp, '10s') as tb, avg(t3) from test_select_timebucket.tb3 group by tb order by tb;
             tb             | avg
----------------------------+-------
  2023-05-10 09:15:10+00:00 | 8000
  2024-05-10 23:23:20+00:00 | 2000
(2 rows)
> select time_bucket(k_timestamp, '10s') as tb, avg(t1),avg(t2),avg(t5) from test_select_timebucket.tb group by tb order by tb;
             tb             |   avg   |     avg      |          avg
----------------------------+---------+--------------+-------------------------
  2020-11-06 17:10:20+00:00 |       1 | NULL         |      70.70770263671875
  2020-11-06 17:10:50+00:00 |  -32768 |  -2147483648 | -9.223372036854776e+18
  2022-05-01 12:10:20+00:00 | 16385.5 | 1073742023.5 | 4.611686018427388e+18
  2022-05-01 12:10:30+00:00 |       4 |          400 |      50.55500030517578
  2023-05-10 09:08:10+00:00 |     5.5 |          100 |     25.241800785064697
  2023-05-10 09:15:10+00:00 |       7 |          200 |    -10.123000144958496
(6 rows)
> select time_bucket(k_timestamp, '10s') as tb, avg(t2),avg(t6) from test_select_timebucket.tb2 group by tb order by tb;
             tb             | avg |        avg
----------------------------+-----+---------------------
  2023-05-10 09:08:10+00:00 | 350 | 350.11728300000004
(1 row)
> select time_bucket(k_timestamp, '10s') as tb, avg(t1),avg(t3),avg(t5),avg(t6) from test_select_timebucket.tb3 group by tb order by tb;
             tb             | avg | avg  |         avg         |    avg
----------------------------+-----+------+---------------------+-------------
  2023-05-10 09:15:10+00:00 |   8 | 8000 |  -20.12299919128418 | 800.578578
  2024-05-10 23:23:20+00:00 |   7 | 2000 | -10.123000144958496 | 500.578578
(2 rows)
> select time_bucket(k_timestamp, '10s') as tb, avg(t1),avg(t2),avg(e2),avg(e3),avg(e4) from test_select_timebucket.tb group by tb order by tb;
             tb             |   avg   |     avg      | avg | avg  |  avg
----------------------------+---------+--------------+-----+------+--------
  2020-11-06 17:10:20+00:00 |       1 | NULL         | 700 | 7000 | 70000
  2020-11-06 17:10:50+00:00 |  -32768 |  -2147483648 | 100 | 3000 | 40000
  2022-05-01 12:10:20+00:00 | 16385.5 | 1073742023.5 | 500 | 5000 | 55000
  2022-05-01 12:10:30+00:00 |       4 |          400 | 500 | 5000 | 50000
  2023-05-10 09:08:10+00:00 |     5.5 |          100 | 350 | 4500 | 50000
  2023-05-10 09:15:10+00:00 |       7 |          200 | 500 | 5000 | 60000
(6 rows)
> select time_bucket(k_timestamp, '10s') as tb, avg(t5),avg(t6),avg(e5),avg(e6) from test_select_timebucket.tb group by tb order by tb;
             tb             |          avg           |        avg         |     avg      |         avg
----------------------------+------------------------+--------------------+--------------+----------------------
  2020-11-06 17:10:20+00:00 |      70.70770263671875 |        700.5675675 |  700000.6875 | 7.0000001010101e+06
  2020-11-06 17:10:50+00:00 | -9.223372036854776e+18 |         100.111111 |   600000.625 | 4.0000004040404e+06
  2022-05-01 12:10:20+00:00 | 4.611686018427388e+18  |         500.578578 |            0 |                   0
  2022-05-01 12:10:30+00:00 |      50.55500030517578 |         500.578578 |    -500000.5 | -5.000000505055e+06
  2023-05-10 09:08:10+00:00 |     25.241800785064697 | 350.11728300000004 | 600000.65625 | 2.3333302525257e+06
  2023-05-10 09:15:10+00:00 |    -10.123000144958496 |         500.578578 |     500000.5 | 5.000000505055e+06
(6 rows)
> select time_bucket(k_timestamp, '10s') as tb, avg(t1),avg(e2) from test_select_timebucket.tb group by tb order by tb;
             tb             |   avg   | avg
----------------------------+---------+------
  2020-11-06 17:10:20+00:00 |       1 | 700
  2020-11-06 17:10:50+00:00 |  -32768 | 100
  2022-05-01 12:10:20+00:00 | 16385.5 | 500
  2022-05-01 12:10:30+00:00 |       4 | 500
  2023-05-10 09:08:10+00:00 |     5.5 | 350
  2023-05-10 09:15:10+00:00 |       7 | 500
(6 rows)
> select time_bucket(k_timestamp, '10s') as tb, avg(t2),avg(e3),avg(e5) from test_select_timebucket.tb2 group by tb order by tb;
             tb             | avg | avg  |     avg
----------------------------+-----+------+---------------
  2023-05-10 09:08:10+00:00 | 350 | 4500 | 600000.65625
(1 row)
> select time_bucket(k_timestamp, '10s') as tb, avg(t3),avg(e4),avg(e6) from test_select_timebucket.tb3 group by tb order by tb;
             tb             | avg  |  avg  |        avg
----------------------------+------+-------+---------------------
  2023-05-10 09:15:10+00:00 | 8000 | 60000 | 5.000000505055e+06
  2024-05-10 23:23:20+00:00 | 2000 | 80000 | 8.000000808088e+06
(2 rows)
> select time_bucket(k_timestamp, '10s') as tb, avg(t1),avg(e2) from test_select_timebucket.tb group by tb order by tb;
             tb             |   avg   | avg
----------------------------+---------+------
  2020-11-06 17:10:20+00:00 |       1 | 700
  2020-11-06 17:10:50+00:00 |  -32768 | 100
  2022-05-01 12:10:20+00:00 | 16385.5 | 500
  2022-05-01 12:10:30+00:00 |       4 | 500
  2023-05-10 09:08:10+00:00 |     5.5 | 350
  2023-05-10 09:15:10+00:00 |       7 | 500
(6 rows)
> select time_bucket(k_timestamp, '10s') as tb, avg(t2),avg(e3),avg(t5) from test_select_timebucket.tb2 group by tb order by tb;
             tb             | avg | avg  |        avg
----------------------------+-----+------+---------------------
  2023-05-10 09:08:10+00:00 | 350 | 4500 | 25.241800785064697
(1 row)
> select time_bucket(k_timestamp, '10s') as tb, avg(t3),avg(e4),avg(t6) from test_select_timebucket.tb3 group by tb order by tb;
             tb             | avg  |  avg  |    avg
----------------------------+------+-------+-------------
  2023-05-10 09:15:10+00:00 | 8000 | 60000 | 800.578578
  2024-05-10 23:23:20+00:00 | 2000 | 80000 | 500.578578
(2 rows)
> select time_bucket(k_timestamp, '15s') as tb, count(e1),count(e3),count(e5),count(e7),count(e9),count(e11),count(e13),count(e15),count(e17),count(e19),count(e21) from test_select_timebucket.tb group by tb order by tb;
             tb             | count | count | count | count | count | count | count | count | count | count | count
----------------------------+-------+-------+-------+-------+-------+-------+-------+-------+-------+-------+--------
  2020-11-06 17:10:15+00:00 |     1 |     1 |     1 |     1 |     0 |     0 |     0 |     0 |     0 |     0 |     0
  2020-11-06 17:10:45+00:00 |     1 |     1 |     1 |     1 |     1 |     1 |     1 |     0 |     1 |     1 |     1
  2022-05-01 12:10:15+00:00 |     2 |     2 |     2 |     2 |     2 |     2 |     2 |     2 |     2 |     2 |     1
  2022-05-01 12:10:30+00:00 |     1 |     1 |     1 |     1 |     1 |     1 |     1 |     1 |     1 |     1 |     0
  2023-05-10 09:08:15+00:00 |     2 |     2 |     2 |     2 |     2 |     2 |     0 |     0 |     2 |     2 |     2
  2023-05-10 09:15:15+00:00 |     1 |     1 |     1 |     1 |     1 |     1 |     0 |     1 |     1 |     1 |     1
(6 rows)
> select time_bucket(k_timestamp, '15s') as tb, count(e2),count(e4),count(e6),count(e8),count(e10),count(e12),count(e14),count(e16),count(e18),count(e20),count(e22) from test_select_timebucket.tb group by tb order by tb;
             tb             | count | count | count | count | count | count | count | count | count | count | count
----------------------------+-------+-------+-------+-------+-------+-------+-------+-------+-------+-------+--------
  2020-11-06 17:10:15+00:00 |     1 |     1 |     1 |     0 |     0 |     0 |     0 |     0 |     0 |     0 |     0
  2020-11-06 17:10:45+00:00 |     1 |     1 |     1 |     1 |     1 |     1 |     1 |     1 |     1 |     1 |     0
  2022-05-01 12:10:15+00:00 |     2 |     2 |     2 |     2 |     2 |     2 |     2 |     2 |     2 |     2 |     2
  2022-05-01 12:10:30+00:00 |     1 |     1 |     1 |     1 |     1 |     1 |     1 |     1 |     1 |     1 |     1
  2023-05-10 09:08:15+00:00 |     2 |     2 |     2 |     2 |     2 |     2 |     2 |     2 |     2 |     0 |     0
  2023-05-10 09:15:15+00:00 |     1 |     1 |     1 |     1 |     1 |     0 |     1 |     1 |     1 |     1 |     1
(6 rows)
> select time_bucket(k_timestamp, '15s') as tb, count(t1),count(t2),count(t3),count(t4),count(t5),count(t6),count(t7),count(t8) from test_select_timebucket.tb group by tb order by tb;
             tb             | count | count | count | count | count | count | count | count
----------------------------+-------+-------+-------+-------+-------+-------+-------+--------
  2020-11-06 17:10:15+00:00 |     1 |     0 |     1 |     1 |     1 |     1 |     1 |     1
  2020-11-06 17:10:45+00:00 |     1 |     1 |     1 |     1 |     1 |     1 |     1 |     1
  2022-05-01 12:10:15+00:00 |     2 |     2 |     2 |     2 |     2 |     2 |     2 |     2
  2022-05-01 12:10:30+00:00 |     1 |     1 |     1 |     1 |     1 |     1 |     1 |     1
  2023-05-10 09:08:15+00:00 |     2 |     1 |     2 |     2 |     2 |     2 |     2 |     2
  2023-05-10 09:15:15+00:00 |     1 |     1 |     1 |     1 |     1 |     1 |     1 |     1
(6 rows)
> select time_bucket(k_timestamp, '15s') as tb, count(t9),count(t10),count(t11),count(t12),count(t13),count(t14),count(t15),count(t16) from test_select_timebucket.tb group by tb order by tb;
             tb             | count | count | count | count | count | count | count | count
----------------------------+-------+-------+-------+-------+-------+-------+-------+--------
  2020-11-06 17:10:15+00:00 |     1 |     1 |     0 |     1 |     1 |     1 |     1 |     1
  2020-11-06 17:10:45+00:00 |     1 |     1 |     1 |     1 |     1 |     1 |     1 |     1
  2022-05-01 12:10:15+00:00 |     2 |     2 |     2 |     2 |     2 |     2 |     2 |     2
  2022-05-01 12:10:30+00:00 |     1 |     1 |     1 |     1 |     1 |     1 |     1 |     1
  2023-05-10 09:08:15+00:00 |     2 |     2 |     1 |     2 |     2 |     2 |     2 |     1
  2023-05-10 09:15:15+00:00 |     1 |     1 |     1 |     1 |     1 |     1 |     1 |     1
(6 rows)
> select time_bucket(k_timestamp, '15s') as tb, count(t1),count(t4),count(t8),count(t12) from test_select_timebucket.tb group by tb order by tb;
             tb             | count | count | count | count
----------------------------+-------+-------+-------+--------
  2020-11-06 17:10:15+00:00 |     1 |     1 |     1 |     1
  2020-11-06 17:10:45+00:00 |     1 |     1 |     1 |     1
  2022-05-01 12:10:15+00:00 |     2 |     2 |     2 |     2
  2022-05-01 12:10:30+00:00 |     1 |     1 |     1 |     1
  2023-05-10 09:08:15+00:00 |     2 |     2 |     2 |     2
  2023-05-10 09:15:15+00:00 |     1 |     1 |     1 |     1
(6 rows)
> select time_bucket(k_timestamp, '15s') as tb, count(t2),count(t7),count(t9),count(t10) from test_select_timebucket.tb2 group by tb order by tb;
             tb             | count | count | count | count
----------------------------+-------+-------+-------+--------
  2023-05-10 09:08:15+00:00 |     2 |     2 |     2 |     2
(1 row)
> select time_bucket(k_timestamp, '15s') as tb, count(t3),count(t11),count(t13),count(t14) from test_select_timebucket.tb3 group by tb order by tb;
             tb             | count | count | count | count
----------------------------+-------+-------+-------+--------
  2023-05-10 09:15:15+00:00 |     1 |     1 |     1 |     1
  2024-05-10 23:23:15+00:00 |     1 |     1 |     1 |     1
(2 rows)
> select time_bucket(k_timestamp, '15s') as tb, count(t1),count(t4),count(t9),count(t11) from test_select_timebucket.tb group by tb order by tb;
             tb             | count | count | count | count
----------------------------+-------+-------+-------+--------
  2020-11-06 17:10:15+00:00 |     1 |     1 |     1 |     0
  2020-11-06 17:10:45+00:00 |     1 |     1 |     1 |     1
  2022-05-01 12:10:15+00:00 |     2 |     2 |     2 |     2
  2022-05-01 12:10:30+00:00 |     1 |     1 |     1 |     1
  2023-05-10 09:08:15+00:00 |     2 |     2 |     2 |     1
  2023-05-10 09:15:15+00:00 |     1 |     1 |     1 |     1
(6 rows)
> select time_bucket(k_timestamp, '15s') as tb, count(t5),count(t8),count(t9),count(t10) from test_select_timebucket.tb2 group by tb order by tb;
             tb             | count | count | count | count
----------------------------+-------+-------+-------+--------
  2023-05-10 09:08:15+00:00 |     2 |     2 |     2 |     2
(1 row)
> select time_bucket(k_timestamp, '15s') as tb, count(t3),count(t10),count(t11),count(t13),count(t14),count(t16) from test_select_timebucket.tb3 group by tb order by tb;
             tb             | count | count | count | count | count | count
----------------------------+-------+-------+-------+-------+-------+--------
  2023-05-10 09:15:15+00:00 |     1 |     1 |     1 |     1 |     1 |     1
  2024-05-10 23:23:15+00:00 |     1 |     1 |     1 |     1 |     1 |     1
(2 rows)
> select time_bucket(k_timestamp, '15s') as tb, count(t1),count(t2),count(t3),count(t4),count(e5),count(e6),count(e7),count(e8) from test_select_timebucket.tb group by tb order by tb;
             tb             | count | count | count | count | count | count | count | count
----------------------------+-------+-------+-------+-------+-------+-------+-------+--------
  2020-11-06 17:10:15+00:00 |     1 |     0 |     1 |     1 |     1 |     1 |     1 |     0
  2020-11-06 17:10:45+00:00 |     1 |     1 |     1 |     1 |     1 |     1 |     1 |     1
  2022-05-01 12:10:15+00:00 |     2 |     2 |     2 |     2 |     2 |     2 |     2 |     2
  2022-05-01 12:10:30+00:00 |     1 |     1 |     1 |     1 |     1 |     1 |     1 |     1
  2023-05-10 09:08:15+00:00 |     2 |     1 |     2 |     2 |     2 |     2 |     2 |     2
  2023-05-10 09:15:15+00:00 |     1 |     1 |     1 |     1 |     1 |     1 |     1 |     1
(6 rows)
> select time_bucket(k_timestamp, '15s') as tb, count(e1),count(e2),count(e3),count(e4),count(t5),count(t6),count(t7),count(t8) from test_select_timebucket.tb group by tb order by tb;
             tb             | count | count | count | count | count | count | count | count
----------------------------+-------+-------+-------+-------+-------+-------+-------+--------
  2020-11-06 17:10:15+00:00 |     1 |     1 |     1 |     1 |     1 |     1 |     1 |     1
  2020-11-06 17:10:45+00:00 |     1 |     1 |     1 |     1 |     1 |     1 |     1 |     1
  2022-05-01 12:10:15+00:00 |     2 |     2 |     2 |     2 |     2 |     2 |     2 |     2
  2022-05-01 12:10:30+00:00 |     1 |     1 |     1 |     1 |     1 |     1 |     1 |     1
  2023-05-10 09:08:15+00:00 |     2 |     2 |     2 |     2 |     2 |     2 |     2 |     2
  2023-05-10 09:15:15+00:00 |     1 |     1 |     1 |     1 |     1 |     1 |     1 |     1
(6 rows)
> select time_bucket(k_timestamp, '15s') as tb, count(t9),count(t10),count(t11),count(t12),count(e13),count(e14),count(e15),count(e16) from test_select_timebucket.tb group by tb order by tb;
             tb             | count | count | count | count | count | count | count | count
----------------------------+-------+-------+-------+-------+-------+-------+-------+--------
  2020-11-06 17:10:15+00:00 |     1 |     1 |     0 |     1 |     0 |     0 |     0 |     0
  2020-11-06 17:10:45+00:00 |     1 |     1 |     1 |     1 |     1 |     1 |     0 |     1
  2022-05-01 12:10:15+00:00 |     2 |     2 |     2 |     2 |     2 |     2 |     2 |     2
  2022-05-01 12:10:30+00:00 |     1 |     1 |     1 |     1 |     1 |     1 |     1 |     1
  2023-05-10 09:08:15+00:00 |     2 |     2 |     1 |     2 |     0 |     2 |     0 |     2
  2023-05-10 09:15:15+00:00 |     1 |     1 |     1 |     1 |     0 |     1 |     1 |     1
(6 rows)
> select time_bucket(k_timestamp, '15s') as tb, count(e9),count(e10),count(e11),count(e12),count(t13),count(t14),count(t15),count(t16) from test_select_timebucket.tb group by tb order by tb;
             tb             | count | count | count | count | count | count | count | count
----------------------------+-------+-------+-------+-------+-------+-------+-------+--------
  2020-11-06 17:10:15+00:00 |     0 |     0 |     0 |     0 |     1 |     1 |     1 |     1
  2020-11-06 17:10:45+00:00 |     1 |     1 |     1 |     1 |     1 |     1 |     1 |     1
  2022-05-01 12:10:15+00:00 |     2 |     2 |     2 |     2 |     2 |     2 |     2 |     2
  2022-05-01 12:10:30+00:00 |     1 |     1 |     1 |     1 |     1 |     1 |     1 |     1
  2023-05-10 09:08:15+00:00 |     2 |     2 |     2 |     2 |     2 |     2 |     2 |     1
  2023-05-10 09:15:15+00:00 |     1 |     1 |     1 |     0 |     1 |     1 |     1 |     1
(6 rows)
> select time_bucket(k_timestamp, '15s') as tb, count(t1),count(t4),count(t8),count(t12),count(e3),count(e9) from test_select_timebucket.tb group by tb order by tb;
             tb             | count | count | count | count | count | count
----------------------------+-------+-------+-------+-------+-------+--------
  2020-11-06 17:10:15+00:00 |     1 |     1 |     1 |     1 |     1 |     0
  2020-11-06 17:10:45+00:00 |     1 |     1 |     1 |     1 |     1 |     1
  2022-05-01 12:10:15+00:00 |     2 |     2 |     2 |     2 |     2 |     2
  2022-05-01 12:10:30+00:00 |     1 |     1 |     1 |     1 |     1 |     1
  2023-05-10 09:08:15+00:00 |     2 |     2 |     2 |     2 |     2 |     2
  2023-05-10 09:15:15+00:00 |     1 |     1 |     1 |     1 |     1 |     1
(6 rows)
> select time_bucket(k_timestamp, '15s') as tb, count(t2),count(t7),count(t9),count(t10),count(e10),count(e11) from test_select_timebucket.tb2 group by tb order by tb;
             tb             | count | count | count | count | count | count
----------------------------+-------+-------+-------+-------+-------+--------
  2023-05-10 09:08:15+00:00 |     2 |     2 |     2 |     2 |     2 |     2
(1 row)
> select time_bucket(k_timestamp, '15s') as tb, count(t3),count(t11),count(t13),count(t14),count(e6),count(e15) from test_select_timebucket.tb3 group by tb order by tb;
             tb             | count | count | count | count | count | count
----------------------------+-------+-------+-------+-------+-------+--------
  2023-05-10 09:15:15+00:00 |     1 |     1 |     1 |     1 |     1 |     1
  2024-05-10 23:23:15+00:00 |     1 |     1 |     1 |     1 |     1 |     1
(2 rows)
> select time_bucket(k_timestamp, '15s') as tb, count(t1),count(t4),count(t9),count(t11),count(e8),count(e12) from test_select_timebucket.tb group by tb order by tb;
             tb             | count | count | count | count | count | count
----------------------------+-------+-------+-------+-------+-------+--------
  2020-11-06 17:10:15+00:00 |     1 |     1 |     1 |     0 |     0 |     0
  2020-11-06 17:10:45+00:00 |     1 |     1 |     1 |     1 |     1 |     1
  2022-05-01 12:10:15+00:00 |     2 |     2 |     2 |     2 |     2 |     2
  2022-05-01 12:10:30+00:00 |     1 |     1 |     1 |     1 |     1 |     1
  2023-05-10 09:08:15+00:00 |     2 |     2 |     2 |     1 |     2 |     2
  2023-05-10 09:15:15+00:00 |     1 |     1 |     1 |     1 |     1 |     0
(6 rows)
> select time_bucket(k_timestamp, '15s') as tb, count(e2),count(e7),count(t5),count(t8),count(t9),count(t10) from test_select_timebucket.tb2 group by tb order by tb;
             tb             | count | count | count | count | count | count
----------------------------+-------+-------+-------+-------+-------+--------
  2023-05-10 09:08:15+00:00 |     2 |     2 |     2 |     2 |     2 |     2
(1 row)
> select time_bucket(k_timestamp, '15s') as tb, count(t3),count(t11),count(e14),count(t16),count(e18),count(e19) from test_select_timebucket.tb3 group by tb order by tb;
             tb             | count | count | count | count | count | count
----------------------------+-------+-------+-------+-------+-------+--------
  2023-05-10 09:15:15+00:00 |     1 |     1 |     1 |     1 |     1 |     1
  2024-05-10 23:23:15+00:00 |     1 |     1 |     1 |     1 |     1 |     1
(2 rows)
> select time_bucket(k_timestamp, '15s') as tb, count(e11),count(t13),count(t14),count(t16),count(e22) from test_select_timebucket.tb3 group by tb order by tb;
             tb             | count | count | count | count | count
----------------------------+-------+-------+-------+-------+--------
  2023-05-10 09:15:15+00:00 |     1 |     1 |     1 |     1 |     1
  2024-05-10 23:23:15+00:00 |     1 |     1 |     1 |     1 |     1
(2 rows)
> select time_bucket(k_timestamp, '15s') as tb, last_row(e1),last_row(e3),last_row(e5),last_row(e7),last_row(e9),last_row(e11),last_row(e13),last_row(e15),last_row(e17),last_row(e19),last_row(e21) from test_select_timebucket.tb group by tb order by tb;
             tb             |           last_row            | last_row |  last_row   | last_row |       last_row        |     last_row      |     last_row      | last_row |    last_row    |          last_row          | last_row
----------------------------+-------------------------------+----------+-------------+----------+-----------------------+-------------------+-------------------+----------+----------------+----------------------------+-----------
  2020-11-06 17:10:15+00:00 | 1970-01-01 08:00:00+00:00     |     7000 | 700000.6875 |   true   | NULL                  | NULL              | NULL              | NULL     | NULL           | NULL                       | NULL
  2020-11-06 17:10:45+00:00 | 2019-12-06 18:10:23+00:00     |     3000 |  600000.625 |  false   |                       |                   |                   | NULL     |                | \x                         | \x
  2022-05-01 12:10:15+00:00 | 2020-05-01 20:30:00+00:00     |     5000 |   -500000.5 |   true   | ar2                   | r255测试2()*&^%{} | v255测试1cdf~#    | ar-1     | 6_1测试1&^%{}  | \x73313032335f31           | NULL
  2022-05-01 12:10:30+00:00 | 2020-05-01 22:30:11+00:00     |     5000 |   -500000.5 |   true   | ar2                   | r255测试2()*&^%{} | v2551cdf~#        | ar-1     | 6_1测试1&^%{}  | \x73313032335f31           | NULL
  2023-05-10 09:08:15+00:00 | 2021-05-10 09:04:18.223+00:00 |     6000 | 600000.6875 |   true   | a r3                  | r255测试1(){}     | NULL              | NULL     | ar4096测试1%{} | \x6573313032335f30         | \xbbeeff
  2023-05-10 09:15:15+00:00 | 2021-06-10 06:04:15.183+00:00 |     5000 |    500000.5 |  false   | test测试！！！@TEST1  | 类型测试1()*      | NULL              | @TEST1   | deg4096测试1(  | \xe69fa5e8afa2313032335f32 | \xaaaaaa
(6 rows)
> select time_bucket(k_timestamp, '15s') as tb, last_row(e2),last_row(e4),last_row(e6),last_row(e8),last_row(e10),last_row(e12),last_row(e14),last_row(e16),last_row(e18),last_row(e20),last_row(e22) from test_select_timebucket.tb group by tb order by tb;
             tb             | last_row | last_row |      last_row       | last_row | last_row |    last_row    |        last_row        |      last_row       | last_row |         last_row         |  last_row
----------------------------+----------+----------+---------------------+----------+----------+----------------+------------------------+---------------------+----------+--------------------------+-------------
  2020-11-06 17:10:15+00:00 |      700 |    70000 | 7.0000001010101e+06 | NULL     | NULL     | NULL           | NULL                   | NULL                | NULL     | NULL                     | NULL
  2020-11-06 17:10:45+00:00 |      100 |    40000 | 4.0000004040404e+06 |          |          |                |                        |                     | \x       | \x                       | NULL
  2022-05-01 12:10:15+00:00 |      500 |    50000 | -5.000000505055e+06 | h        | c        | \\\\           | lengthis4096  测试%&!  | ar255()*&^%{}       | \x79     | \x797465735f32           | \xccccdddd
  2022-05-01 12:10:30+00:00 |      500 |    50000 | -5.000000505055e+06 | h        | c        | \\             |   测试%&!              | ar255()*&^%{}       | \x79     | \x797465735f32           | \xccccdddd
  2023-05-10 09:08:15+00:00 |      600 |    60000 |       666660.101011 | r        | a        | varchar  中文1 | hof4096查询test%%&!    | ar255{}             | \x65     | NULL                     | NULL
  2023-05-10 09:15:15+00:00 |      500 |    60000 | 5.000000505055e+06  | c        | n        | NULL           | 测试测试               | abc255测试1()*&^%{} | \x62     | \x7465735fe6b58be8af9531 | \xbbccbbbb
(6 rows)
> select time_bucket(k_timestamp, '15s') as tb, last_row(t1),last_row(t2),last_row(t3),last_row(t4),last_row(t5),last_row(t6),last_row(t7),last_row(t8) from test_select_timebucket.tb group by tb order by tb;
             tb             | last_row |  last_row   |       last_row       | last_row |        last_row        |  last_row   | last_row |        last_row
----------------------------+----------+-------------+----------------------+----------+------------------------+-------------+----------+-------------------------
  2020-11-06 17:10:15+00:00 |        1 | NULL        |                 7000 |  false   |              70.707703 | 700.5675675 | a        | test测试！！！@TEST1
  2020-11-06 17:10:45+00:00 |   -32768 | -2147483648 | -9223372036854775808 |  false   | -9.223372036854776e+18 |  100.111111 | b        | test测试！！！@TEST1
  2022-05-01 12:10:15+00:00 |        4 |         400 |                 4000 |  false   |                 50.555 |  500.578578 | d        | \\test测试！！！@TEST1
  2022-05-01 12:10:30+00:00 |        4 |         400 |                 4000 |  false   |                 50.555 |  500.578578 | d        | \\test测试！！！@TEST1
  2023-05-10 09:08:15+00:00 |        5 | NULL        |                 6000 |   true   |              60.606602 |  600.123455 | a        | test测试！！！@TEST1
  2023-05-10 09:15:15+00:00 |        7 |         200 |                 2000 |   true   |                -10.123 |  500.578578 | c        | test测试！！！@TEST1
(6 rows)
> select time_bucket(k_timestamp, '15s') as tb, last_row(t9),last_row(t11),last_row(t12),last_row(t13),last_row(t14),last_row(t15),last_row(t16) from test_select_timebucket.tb group by tb order by tb;
             tb             | last_row |         last_row         | last_row  | last_row |                   last_row                   |           last_row           |       last_row
----------------------------+----------+--------------------------+-----------+----------+----------------------------------------------+------------------------------+-----------------------
  2020-11-06 17:10:15+00:00 | e        | NULL                     | vvvaa64_1 | \x62     | \x74657374e6b58be8af95313032335f31           | \x7677777773e6b58be8af955f31 | \x616161626262
  2020-11-06 17:10:45+00:00 |          | \0test查询  @TEST1\0     | e         | \x79     | \x746573744040e6b58be8af95efbc81313032335f31 | \x7677777773e6b58be8af955f31 | \x63636364646465
  2022-05-01 12:10:15+00:00 | e        | 查询查询                 | \\        | \x65     | \x6573313032335f32                           | \x735f2034                   | \x7777343039365f32
  2022-05-01 12:10:30+00:00 | e        | 查询查询                 | \\        | \x65     | \x6573313032335f32                           | \x735f2034                   | \x7777343039365f32
  2023-05-10 09:08:15+00:00 | e        | NULL                     | 测试测试  | \x62     | \x74657374e6b58be8af9531305f31               | \x7677777773e4b8ade696875f31 | NULL
  2023-05-10 09:15:15+00:00 | g        | \0test查询！！！@TEST1\0 | 64_3      | \x74     | \x6573313032335f32                           | \x66                         | \x746573343039365f32
(6 rows)
> select time_bucket(k_timestamp, '15s') as tb, last_row(t1),last_row(t4),last_row(t8),last_row(t12) from test_select_timebucket.tb group by tb order by tb;
             tb             | last_row | last_row |        last_row        | last_row
----------------------------+----------+----------+------------------------+------------
  2020-11-06 17:10:15+00:00 |        1 |  false   | test测试！！！@TEST1   | vvvaa64_1
  2020-11-06 17:10:45+00:00 |   -32768 |  false   | test测试！！！@TEST1   | e
  2022-05-01 12:10:15+00:00 |        4 |  false   | \\test测试！！！@TEST1 | \\
  2022-05-01 12:10:30+00:00 |        4 |  false   | \\test测试！！！@TEST1 | \\
  2023-05-10 09:08:15+00:00 |        5 |   true   | test测试！！！@TEST1   | 测试测试
  2023-05-10 09:15:15+00:00 |        7 |   true   | test测试！！！@TEST1   | 64_3
(6 rows)
> select time_bucket(k_timestamp, '15s') as tb, last_row(t2),last_row(t7),last_row(t9),last_row(t10) from test_select_timebucket.tb2 group by tb order by tb;
             tb             | last_row | last_row | last_row |    last_row
----------------------------+----------+----------+----------+-----------------
  2023-05-10 09:08:15+00:00 |      100 | b        | f        | 测试！TEST1xaa
(1 row)
> select time_bucket(k_timestamp, '15s') as tb, last_row(t3),last_row(t11),last_row(t13),last_row(t14) from test_select_timebucket.tb3 group by tb order by tb;
             tb             | last_row |         last_row         | last_row |      last_row
----------------------------+----------+--------------------------+----------+---------------------
  2023-05-10 09:15:15+00:00 |     8000 | \0test查询！！！@TEST1\0 | \x74     | \x6573313032335f32
  2024-05-10 23:23:15+00:00 |     2000 | \0test查询！！！@TEST1\0 | \x74     | \x6573313032335f32
(2 rows)
> select time_bucket(k_timestamp, '15s') as tb, last_row(t1),last_row(t4),last_row(t9),last_row(t11) from test_select_timebucket.tb group by tb order by tb;
             tb             | last_row | last_row | last_row |         last_row
----------------------------+----------+----------+----------+---------------------------
  2020-11-06 17:10:15+00:00 |        1 |  false   | e        | NULL
  2020-11-06 17:10:45+00:00 |   -32768 |  false   |          | \0test查询  @TEST1\0
  2022-05-01 12:10:15+00:00 |        4 |  false   | e        | 查询查询
  2022-05-01 12:10:30+00:00 |        4 |  false   | e        | 查询查询
  2023-05-10 09:08:15+00:00 |        5 |   true   | e        | NULL
  2023-05-10 09:15:15+00:00 |        7 |   true   | g        | \0test查询！！！@TEST1\0
(6 rows)
> select time_bucket(k_timestamp, '15s') as tb, last_row(t5),last_row(t8),last_row(t9),last_row(t10) from test_select_timebucket.tb2 group by tb order by tb;
             tb             | last_row | last_row | last_row |    last_row
----------------------------+----------+----------+----------+-----------------
  2023-05-10 09:08:15+00:00 |  -10.123 | \\TEST1  | f        | 测试！TEST1xaa
(1 row)
> select time_bucket(k_timestamp, '15s') as tb, last_row(t3),last_row(t10),last_row(t11),last_row(t13),last_row(t14),last_row(t16) from test_select_timebucket.tb3 group by tb order by tb;
             tb             | last_row | last_row |         last_row         | last_row |      last_row      |       last_row
----------------------------+----------+----------+--------------------------+----------+--------------------+-----------------------
  2023-05-10 09:15:15+00:00 |     8000 | ddd      | \0test查询！！！@TEST1\0 | \x74     | \x6573313032335f32 | \x746573343039365f32
  2024-05-10 23:23:15+00:00 |     2000 | abc      | \0test查询！！！@TEST1\0 | \x74     | \x6573313032335f32 | \x746573343039365f32
(2 rows)
> select time_bucket(k_timestamp, '15s') as tb, last_row(t1),last_row(t2),last_row(t3),last_row(t4),last_row(e5),last_row(e6),last_row(e7),last_row(e8) from test_select_timebucket.tb group by tb order by tb;
             tb             | last_row |  last_row   |       last_row       | last_row |  last_row   |      last_row       | last_row | last_row
----------------------------+----------+-------------+----------------------+----------+-------------+---------------------+----------+-----------
  2020-11-06 17:10:15+00:00 |        1 | NULL        |                 7000 |  false   | 700000.6875 | 7.0000001010101e+06 |   true   | NULL
  2020-11-06 17:10:45+00:00 |   -32768 | -2147483648 | -9223372036854775808 |  false   |  600000.625 | 4.0000004040404e+06 |  false   |
  2022-05-01 12:10:15+00:00 |        4 |         400 |                 4000 |  false   |   -500000.5 | -5.000000505055e+06 |   true   | h
  2022-05-01 12:10:30+00:00 |        4 |         400 |                 4000 |  false   |   -500000.5 | -5.000000505055e+06 |   true   | h
  2023-05-10 09:08:15+00:00 |        5 | NULL        |                 6000 |   true   | 600000.6875 |       666660.101011 |   true   | r
  2023-05-10 09:15:15+00:00 |        7 |         200 |                 2000 |   true   |    500000.5 | 5.000000505055e+06  |  false   | c
(6 rows)
> select time_bucket(k_timestamp, '15s') as tb, last_row(e1),last_row(e2),last_row(e3),last_row(e4),last_row(t5),last_row(t6),last_row(t7),last_row(t8) from test_select_timebucket.tb group by tb order by tb;
             tb             |           last_row            | last_row | last_row | last_row |        last_row        |  last_row   | last_row |        last_row
----------------------------+-------------------------------+----------+----------+----------+------------------------+-------------+----------+-------------------------
  2020-11-06 17:10:15+00:00 | 1970-01-01 08:00:00+00:00     |      700 |     7000 |    70000 |              70.707703 | 700.5675675 | a        | test测试！！！@TEST1
  2020-11-06 17:10:45+00:00 | 2019-12-06 18:10:23+00:00     |      100 |     3000 |    40000 | -9.223372036854776e+18 |  100.111111 | b        | test测试！！！@TEST1
  2022-05-01 12:10:15+00:00 | 2020-05-01 20:30:00+00:00     |      500 |     5000 |    50000 |                 50.555 |  500.578578 | d        | \\test测试！！！@TEST1
  2022-05-01 12:10:30+00:00 | 2020-05-01 22:30:11+00:00     |      500 |     5000 |    50000 |                 50.555 |  500.578578 | d        | \\test测试！！！@TEST1
  2023-05-10 09:08:15+00:00 | 2021-05-10 09:04:18.223+00:00 |      600 |     6000 |    60000 |              60.606602 |  600.123455 | a        | test测试！！！@TEST1
  2023-05-10 09:15:15+00:00 | 2021-06-10 06:04:15.183+00:00 |      500 |     5000 |    60000 |                -10.123 |  500.578578 | c        | test测试！！！@TEST1
(6 rows)
> select time_bucket(k_timestamp, '15s') as tb, last_row(t9),last_row(t11),last_row(t12),last_row(e13),last_row(e14),last_row(e15),last_row(e16) from test_select_timebucket.tb group by tb order by tb;
             tb             | last_row |         last_row         | last_row  |     last_row      |        last_row        | last_row |      last_row
----------------------------+----------+--------------------------+-----------+-------------------+------------------------+----------+----------------------
  2020-11-06 17:10:15+00:00 | e        | NULL                     | vvvaa64_1 | NULL              | NULL                   | NULL     | NULL
  2020-11-06 17:10:45+00:00 |          | \0test查询  @TEST1\0     | e         |                   |                        | NULL     |
  2022-05-01 12:10:15+00:00 | e        | 查询查询                 | \\        | v255测试1cdf~#    | lengthis4096  测试%&!  | ar-1     | ar255()*&^%{}
  2022-05-01 12:10:30+00:00 | e        | 查询查询                 | \\        | v2551cdf~#        |   测试%&!              | ar-1     | ar255()*&^%{}
  2023-05-10 09:08:15+00:00 | e        | NULL                     | 测试测试  | NULL              | hof4096查询test%%&!    | NULL     | ar255{}
  2023-05-10 09:15:15+00:00 | g        | \0test查询！！！@TEST1\0 | 64_3      | NULL              | 测试测试               | @TEST1   | abc255测试1()*&^%{}
(6 rows)
> select time_bucket(k_timestamp, '15s') as tb, last_row(e9),last_row(e10),last_row(e11),last_row(e12),last_row(t13),last_row(t14),last_row(t15),last_row(t16) from test_select_timebucket.tb group by tb order by tb;
             tb             |       last_row        | last_row |     last_row      |    last_row    | last_row |                   last_row                   |           last_row           |       last_row
----------------------------+-----------------------+----------+-------------------+----------------+----------+----------------------------------------------+------------------------------+-----------------------
  2020-11-06 17:10:15+00:00 | NULL                  | NULL     | NULL              | NULL           | \x62     | \x74657374e6b58be8af95313032335f31           | \x7677777773e6b58be8af955f31 | \x616161626262
  2020-11-06 17:10:45+00:00 |                       |          |                   |                | \x79     | \x746573744040e6b58be8af95efbc81313032335f31 | \x7677777773e6b58be8af955f31 | \x63636364646465
  2022-05-01 12:10:15+00:00 | ar2                   | c        | r255测试2()*&^%{} | \\\\           | \x65     | \x6573313032335f32                           | \x735f2034                   | \x7777343039365f32
  2022-05-01 12:10:30+00:00 | ar2                   | c        | r255测试2()*&^%{} | \\             | \x65     | \x6573313032335f32                           | \x735f2034                   | \x7777343039365f32
  2023-05-10 09:08:15+00:00 | a r3                  | a        | r255测试1(){}     | varchar  中文1 | \x62     | \x74657374e6b58be8af9531305f31               | \x7677777773e4b8ade696875f31 | NULL
  2023-05-10 09:15:15+00:00 | test测试！！！@TEST1  | n        | 类型测试1()*      | NULL           | \x74     | \x6573313032335f32                           | \x66                         | \x746573343039365f32
(6 rows)
> select time_bucket(k_timestamp, '15s') as tb, last_row(t1),last_row(t4),last_row(t8),last_row(t12),last_row(e3),last_row(e9) from test_select_timebucket.tb group by tb order by tb;
             tb             | last_row | last_row |        last_row        | last_row  | last_row |       last_row
----------------------------+----------+----------+------------------------+-----------+----------+------------------------
  2020-11-06 17:10:15+00:00 |        1 |  false   | test测试！！！@TEST1   | vvvaa64_1 |     7000 | NULL
  2020-11-06 17:10:45+00:00 |   -32768 |  false   | test测试！！！@TEST1   | e         |     3000 |
  2022-05-01 12:10:15+00:00 |        4 |  false   | \\test测试！！！@TEST1 | \\        |     5000 | ar2
  2022-05-01 12:10:30+00:00 |        4 |  false   | \\test测试！！！@TEST1 | \\        |     5000 | ar2
  2023-05-10 09:08:15+00:00 |        5 |   true   | test测试！！！@TEST1   | 测试测试  |     6000 | a r3
  2023-05-10 09:15:15+00:00 |        7 |   true   | test测试！！！@TEST1   | 64_3      |     5000 | test测试！！！@TEST1
(6 rows)
> select time_bucket(k_timestamp, '15s') as tb, last_row(t2),last_row(t7),last_row(t9),last_row(t10),last_row(e10),last_row(e11) from test_select_timebucket.tb2 group by tb order by tb;
             tb             | last_row | last_row | last_row |    last_row    | last_row |  last_row
----------------------------+----------+----------+----------+----------------+----------+--------------
  2023-05-10 09:08:15+00:00 |      100 | b        | f        | 测试！TEST1xaa | a        | r255测试1{}
(1 row)
> select time_bucket(k_timestamp, '15s') as tb, last_row(t3),last_row(t11),last_row(t13),last_row(t14),last_row(e6),last_row(e15) from test_select_timebucket.tb3 group by tb order by tb;
             tb             | last_row |         last_row         | last_row |      last_row      |      last_row      | last_row
----------------------------+----------+--------------------------+----------+--------------------+--------------------+-----------
  2023-05-10 09:15:15+00:00 |     8000 | \0test查询！！！@TEST1\0 | \x74     | \x6573313032335f32 | 5.000000505055e+06 | @TEST1
  2024-05-10 23:23:15+00:00 |     2000 | \0test查询！！！@TEST1\0 | \x74     | \x6573313032335f32 | 8.000000808088e+06 | @TEST1
(2 rows)
> select time_bucket(k_timestamp, '15s') as tb, last_row(t1),last_row(t4),last_row(t9),last_row(t11),last_row(e8),last_row(e12) from test_select_timebucket.tb group by tb order by tb;
             tb             | last_row | last_row | last_row |         last_row         | last_row |    last_row
----------------------------+----------+----------+----------+--------------------------+----------+-----------------
  2020-11-06 17:10:15+00:00 |        1 |  false   | e        | NULL                     | NULL     | NULL
  2020-11-06 17:10:45+00:00 |   -32768 |  false   |          | \0test查询  @TEST1\0     |          |
  2022-05-01 12:10:15+00:00 |        4 |  false   | e        | 查询查询                 | h        | \\\\
  2022-05-01 12:10:30+00:00 |        4 |  false   | e        | 查询查询                 | h        | \\
  2023-05-10 09:08:15+00:00 |        5 |   true   | e        | NULL                     | r        | varchar  中文1
  2023-05-10 09:15:15+00:00 |        7 |   true   | g        | \0test查询！！！@TEST1\0 | c        | NULL
(6 rows)
> select time_bucket(k_timestamp, '15s') as tb, last_row(e2),last_row(e7),last_row(t5),last_row(t8),last_row(t9),last_row(t10) from test_select_timebucket.tb2 group by tb order by tb;
             tb             | last_row | last_row | last_row | last_row | last_row |    last_row
----------------------------+----------+----------+----------+----------+----------+-----------------
  2023-05-10 09:08:15+00:00 |      100 |  false   |  -10.123 | \\TEST1  | f        | 测试！TEST1xaa
(1 row)
> select time_bucket(k_timestamp, '15s') as tb, last_row(t3),last_row(t11),last_row(e14),last_row(t16),last_row(e18),last_row(e19) from test_select_timebucket.tb3 group by tb order by tb;
             tb             | last_row |         last_row         |    last_row    |       last_row       | last_row |          last_row
----------------------------+----------+--------------------------+----------------+----------------------+----------+-----------------------------
  2023-05-10 09:15:15+00:00 |     8000 | \0test查询！！！@TEST1\0 | 255测试1cdf~#  | \x746573343039365f32 | \x62     | \xe69fa5e8afa2313032335f32
  2024-05-10 23:23:15+00:00 |     2000 | \0test查询！！！@TEST1\0 | 255测试1cdf~#  | \x746573343039365f32 | \x62     | \xe69fa5e8afa2313032335f32
(2 rows)
> select time_bucket(k_timestamp, '15s') as tb, last_row(e11),last_row(t13),last_row(t14),last_row(t16),last_row(e22) from test_select_timebucket.tb3 group by tb order by tb;
             tb             |    last_row    | last_row |      last_row      |       last_row       |  last_row
----------------------------+----------------+----------+--------------------+----------------------+-------------
  2023-05-10 09:15:15+00:00 | 类型测试1()*   | \x74     | \x6573313032335f32 | \x746573343039365f32 | \xbbccbbbb
  2024-05-10 23:23:15+00:00 | 类型测试1()*   | \x74     | \x6573313032335f32 | \x746573343039365f32 | \xbbccbbbb
(2 rows)
> select time_bucket(k_timestamp,'10s') as tb,sum(e2) as sumVal,avg(e3),count(e4) from test_select_timebucket.tb group by tb,e2 order by tb,sumVal;
             tb             | sumval | avg  | count
----------------------------+--------+------+--------
  2020-11-06 17:10:20+00:00 |    700 | 7000 |     1
  2020-11-06 17:10:50+00:00 |    100 | 3000 |     1
  2022-05-01 12:10:20+00:00 |   1000 | 5000 |     2
  2022-05-01 12:10:30+00:00 |    500 | 5000 |     1
  2023-05-10 09:08:10+00:00 |    100 | 3000 |     1
  2023-05-10 09:08:10+00:00 |    600 | 6000 |     1
  2023-05-10 09:15:10+00:00 |    500 | 5000 |     1
(7 rows)
> select time_bucket(k_timestamp,'10s') as tb,last_row(e5),last_row(e6) from test_select_timebucket.tb group by tb,e5,e6 order by tb,e5,e6;
             tb             |  last_row   |      last_row
----------------------------+-------------+----------------------
  2020-11-06 17:10:20+00:00 | 700000.6875 | 7.0000001010101e+06
  2020-11-06 17:10:50+00:00 |  600000.625 | 4.0000004040404e+06
  2022-05-01 12:10:20+00:00 |   -500000.5 | -5.000000505055e+06
  2022-05-01 12:10:20+00:00 |    500000.5 | 5.000000505055e+06
  2022-05-01 12:10:30+00:00 |   -500000.5 | -5.000000505055e+06
  2023-05-10 09:08:10+00:00 |  600000.625 | 4.0000004040404e+06
  2023-05-10 09:08:10+00:00 | 600000.6875 |       666660.101011
  2023-05-10 09:15:10+00:00 |    500000.5 | 5.000000505055e+06
(8 rows)
> select time_bucket(k_timestamp,'10s') as tb,max(e7) as maxVal,last_row(e8),count(e9) from test_select_timebucket.tb group by tb,e7,e8,e9 order by tb,maxVal;
             tb             | maxval | last_row | count
----------------------------+--------+----------+--------
  2020-11-06 17:10:20+00:00 |  true  | NULL     |     0
  2020-11-06 17:10:50+00:00 | false  |          |     1
  2022-05-01 12:10:20+00:00 | false  | c        |     1
  2022-05-01 12:10:20+00:00 |  true  | h        |     1
  2022-05-01 12:10:30+00:00 |  true  | h        |     1
  2023-05-10 09:08:10+00:00 | false  | r        |     1
  2023-05-10 09:08:10+00:00 |  true  | r        |     1
  2023-05-10 09:15:10+00:00 | false  | c        |     1
(8 rows)
> select time_bucket(k_timestamp,'10s') as tb,min(e10),count(e11),count(e12),max(e13) from test_select_timebucket.tb group by tb order by tb;
             tb             | min  | count | count |        max
----------------------------+------+-------+-------+--------------------
  2020-11-06 17:10:20+00:00 | NULL |     0 |     0 | NULL
  2020-11-06 17:10:50+00:00 |      |     1 |     1 |
  2022-05-01 12:10:20+00:00 | c    |     2 |     2 | v255测试1cdf~#
  2022-05-01 12:10:30+00:00 | c    |     1 |     1 | v2551cdf~#
  2023-05-10 09:08:10+00:00 | a    |     2 |     2 | NULL
  2023-05-10 09:15:10+00:00 | n    |     1 |     0 | NULL
(6 rows)
> select time_bucket(k_timestamp,'20s') as tb,last_row(k_timestamp) from test_select_timebucket.tb group by tb order by tb;
             tb             |           last_row
----------------------------+--------------------------------
  2020-11-06 17:10:20+00:00 | 2020-11-06 17:10:23+00:00
  2020-11-06 17:10:40+00:00 | 2020-11-06 17:10:55.123+00:00
  2022-05-01 12:10:20+00:00 | 2022-05-01 12:10:31.22+00:00
  2023-05-10 09:08:00+00:00 | 2023-05-10 09:08:19.22+00:00
  2023-05-10 09:15:00+00:00 | 2023-05-10 09:15:15.783+00:00
(5 rows)
> select time_bucket(k_timestamp,'10s') as tb,sum(t2) as sumVal,count(t4) from test_select_timebucket.tb group by tb,e2 order by tb,sumVal;
             tb             |   sumval    | count
----------------------------+-------------+--------
  2020-11-06 17:10:20+00:00 | NULL        |     1
  2020-11-06 17:10:50+00:00 | -2147483648 |     1
  2022-05-01 12:10:20+00:00 |  2147484047 |     2
  2022-05-01 12:10:30+00:00 |         400 |     1
  2023-05-10 09:08:10+00:00 | NULL        |     1
  2023-05-10 09:08:10+00:00 |         100 |     1
  2023-05-10 09:15:10+00:00 |         200 |     1
(7 rows)
> select time_bucket(k_timestamp,'10s') as tb,last_row(t5),last_row(t6) from test_select_timebucket.tb group by tb,e5,e6 order by tb,e5,e6;
             tb             |        last_row        |  last_row
----------------------------+------------------------+--------------
  2020-11-06 17:10:20+00:00 |              70.707703 | 700.5675675
  2020-11-06 17:10:50+00:00 | -9.223372036854776e+18 |  100.111111
  2022-05-01 12:10:20+00:00 |                 50.555 |  500.578578
  2022-05-01 12:10:20+00:00 | 9.223372036854776e+18  |  500.578578
  2022-05-01 12:10:30+00:00 |                 50.555 |  500.578578
  2023-05-10 09:08:10+00:00 |                -10.123 |  100.111111
  2023-05-10 09:08:10+00:00 |              60.606602 |  600.123455
  2023-05-10 09:15:10+00:00 |                -10.123 |  500.578578
(8 rows)
> select time_bucket(k_timestamp,'10s') as tb,count(t11),count(t12),max(t13) from test_select_timebucket.tb group by tb order by tb;
             tb             | count | count | max
----------------------------+-------+-------+-------
  2020-11-06 17:10:20+00:00 |     0 |     1 | \x62
  2020-11-06 17:10:50+00:00 |     1 |     1 | \x79
  2022-05-01 12:10:20+00:00 |     2 |     2 | \x74
  2022-05-01 12:10:30+00:00 |     1 |     1 | \x65
  2023-05-10 09:08:10+00:00 |     1 |     2 | \x79
  2023-05-10 09:15:10+00:00 |     1 |     1 | \x74
(6 rows)
> select time_bucket(k_timestamp,'20s') as tb,last_row(t16) from test_select_timebucket.tb group by tb order by tb;
             tb             |       last_row
----------------------------+-----------------------
  2020-11-06 17:10:20+00:00 | \x616161626262
  2020-11-06 17:10:40+00:00 | \x63636364646465
  2022-05-01 12:10:20+00:00 | \x7777343039365f32
  2023-05-10 09:08:00+00:00 | NULL
  2023-05-10 09:15:00+00:00 | \x746573343039365f32
(5 rows)
> select time_bucket(k_timestamp,'10s') as tb,sum(t1) as sumVal,last_row(t8),count(t4),max(t12) from test_select_timebucket.tb group by tb,e2 order by tb,sumVal;
             tb             | sumval |        last_row        | count |    max
----------------------------+--------+------------------------+-------+------------
  2020-11-06 17:10:20+00:00 |      1 | test测试！！！@TEST1   |     1 | vvvaa64_1
  2020-11-06 17:10:50+00:00 | -32768 | test测试！！！@TEST1   |     1 | e
  2022-05-01 12:10:20+00:00 |  32771 | \\test测试！！！@TEST1 |     2 | \\
  2022-05-01 12:10:30+00:00 |      4 | \\test测试！！！@TEST1 |     1 | \\
  2023-05-10 09:08:10+00:00 |      5 | test测试！！！@TEST1   |     1 | 测试测试
  2023-05-10 09:08:10+00:00 |      6 | \\TEST1                |     1 |   bdbd
  2023-05-10 09:15:10+00:00 |      7 | test测试！！！@TEST1   |     1 | 64_3
(7 rows)
> select time_bucket(k_timestamp,'10s') as tb,max(t7) as maxVal,last_row(t2),count(t9),min(t10) from test_select_timebucket.tb2 group by tb,e7,e8,e9 order by tb,maxVal;
             tb             | maxval | last_row | count |      min
----------------------------+--------+----------+-------+-----------------
  2023-05-10 09:08:10+00:00 | a      |      600 |     1 | \a
  2023-05-10 09:08:10+00:00 | b      |      100 |     1 | 测试！TEST1xaa
(2 rows)
> select time_bucket(k_timestamp,'10s') as tb,min(t3),count(t11),count(t14),max(t13) from test_select_timebucket.tb group by tb order by tb;
             tb             |         min          | count | count | max
----------------------------+----------------------+-------+-------+-------
  2020-11-06 17:10:20+00:00 |                 7000 |     0 |     1 | \x62
  2020-11-06 17:10:50+00:00 | -9223372036854775808 |     1 |     1 | \x79
  2022-05-01 12:10:20+00:00 |                 4000 |     2 |     2 | \x74
  2022-05-01 12:10:30+00:00 |                 4000 |     1 |     1 | \x65
  2023-05-10 09:08:10+00:00 |                 1000 |     1 |     2 | \x79
  2023-05-10 09:15:10+00:00 |                 2000 |     1 |     1 | \x74
(6 rows)
> select time_bucket(k_timestamp,'10s') as tb,sum(t1) as sumVal,last_row(t8),count(t10),max(t11) from test_select_timebucket.tb group by tb,e2 order by tb,sumVal;
             tb             | sumval |        last_row        | count |           max
----------------------------+--------+------------------------+-------+---------------------------
  2020-11-06 17:10:20+00:00 |      1 | test测试！！！@TEST1   |     1 | NULL
  2020-11-06 17:10:50+00:00 | -32768 | test测试！！！@TEST1   |     1 | \0test查询  @TEST1\0
  2022-05-01 12:10:20+00:00 |  32771 | \\test测试！！！@TEST1 |     2 | 查询查询
  2022-05-01 12:10:30+00:00 |      4 | \\test测试！！！@TEST1 |     1 | 查询查询
  2023-05-10 09:08:10+00:00 |      5 | test测试！！！@TEST1   |     1 | NULL
  2023-05-10 09:08:10+00:00 |      6 | \\TEST1                |     1 | 5555 5
  2023-05-10 09:15:10+00:00 |      7 | test测试！！！@TEST1   |     1 | \0test查询！！！@TEST1\0
(7 rows)
> select time_bucket(k_timestamp,'10s') as tb,max(t7) as maxVal,last_row(t5),count(t13),min(t10) from test_select_timebucket.tb2 group by tb,e7,e8,e9 order by tb,maxVal;
             tb             | maxval | last_row  | count |      min
----------------------------+--------+-----------+-------+-----------------
  2023-05-10 09:08:10+00:00 | a      | 60.606602 |     1 | \a
  2023-05-10 09:08:10+00:00 | b      |   -10.123 |     1 | 测试！TEST1xaa
(2 rows)
> select time_bucket(k_timestamp,'10s') as tb,min(t3),count(t11),count(t14),max(t9) from test_select_timebucket.tb group by tb order by tb;
             tb             |         min          | count | count | max
----------------------------+----------------------+-------+-------+------
  2020-11-06 17:10:20+00:00 |                 7000 |     0 |     1 | e
  2020-11-06 17:10:50+00:00 | -9223372036854775808 |     1 |     1 |
  2022-05-01 12:10:20+00:00 |                 4000 |     2 |     2 | e
  2022-05-01 12:10:30+00:00 |                 4000 |     1 |     1 | e
  2023-05-10 09:08:10+00:00 |                 1000 |     1 |     2 | f
  2023-05-10 09:15:10+00:00 |                 2000 |     1 |     1 | g
(6 rows)
> select time_bucket(k_timestamp,'10s') as tb,sum(e2) as sumVal,count(t4) from test_select_timebucket.tb group by tb,e2 order by tb,sumVal;
             tb             | sumval | count
----------------------------+--------+--------
  2020-11-06 17:10:20+00:00 |    700 |     1
  2020-11-06 17:10:50+00:00 |    100 |     1
  2022-05-01 12:10:20+00:00 |   1000 |     2
  2022-05-01 12:10:30+00:00 |    500 |     1
  2023-05-10 09:08:10+00:00 |    100 |     1
  2023-05-10 09:08:10+00:00 |    600 |     1
  2023-05-10 09:15:10+00:00 |    500 |     1
(7 rows)
> select time_bucket(k_timestamp,'10s') as tb,last_row(t5),last_row(e6) from test_select_timebucket.tb group by tb,e5,e6 order by tb,e5,e6;
             tb             |        last_row        |      last_row
----------------------------+------------------------+----------------------
  2020-11-06 17:10:20+00:00 |              70.707703 | 7.0000001010101e+06
  2020-11-06 17:10:50+00:00 | -9.223372036854776e+18 | 4.0000004040404e+06
  2022-05-01 12:10:20+00:00 |                 50.555 | -5.000000505055e+06
  2022-05-01 12:10:20+00:00 | 9.223372036854776e+18  | 5.000000505055e+06
  2022-05-01 12:10:30+00:00 |                 50.555 | -5.000000505055e+06
  2023-05-10 09:08:10+00:00 |                -10.123 | 4.0000004040404e+06
  2023-05-10 09:08:10+00:00 |              60.606602 |       666660.101011
  2023-05-10 09:15:10+00:00 |                -10.123 | 5.000000505055e+06
(8 rows)
> select time_bucket(k_timestamp,'10s') as tb,max(e7) as maxVal,last_row(e8),count(t9) from test_select_timebucket.tb group by tb,e7,e8,e9 order by tb,maxVal;
             tb             | maxval | last_row | count
----------------------------+--------+----------+--------
  2020-11-06 17:10:20+00:00 |  true  | NULL     |     1
  2020-11-06 17:10:50+00:00 | false  |          |     1
  2022-05-01 12:10:20+00:00 | false  | c        |     1
  2022-05-01 12:10:20+00:00 |  true  | h        |     1
  2022-05-01 12:10:30+00:00 |  true  | h        |     1
  2023-05-10 09:08:10+00:00 | false  | r        |     1
  2023-05-10 09:08:10+00:00 |  true  | r        |     1
  2023-05-10 09:15:10+00:00 | false  | c        |     1
(8 rows)
> select time_bucket(k_timestamp,'10s') as tb,count(e11),count(e12),max(t13) from test_select_timebucket.tb group by tb order by tb;
             tb             | count | count | max
----------------------------+-------+-------+-------
  2020-11-06 17:10:20+00:00 |     0 |     0 | \x62
  2020-11-06 17:10:50+00:00 |     1 |     1 | \x79
  2022-05-01 12:10:20+00:00 |     2 |     2 | \x74
  2022-05-01 12:10:30+00:00 |     1 |     1 | \x65
  2023-05-10 09:08:10+00:00 |     2 |     2 | \x79
  2023-05-10 09:15:10+00:00 |     1 |     0 | \x74
(6 rows)
> select time_bucket(k_timestamp,'10s') as tb,sum(t1) as sumVal,sum(e2),last_row(t8),count(t4),max(t12) from test_select_timebucket.tb group by tb,e2 order by tb,sumVal;
             tb             | sumval | sum  |        last_row        | count |    max
----------------------------+--------+------+------------------------+-------+------------
  2020-11-06 17:10:20+00:00 |      1 |  700 | test测试！！！@TEST1   |     1 | vvvaa64_1
  2020-11-06 17:10:50+00:00 | -32768 |  100 | test测试！！！@TEST1   |     1 | e
  2022-05-01 12:10:20+00:00 |  32771 | 1000 | \\test测试！！！@TEST1 |     2 | \\
  2022-05-01 12:10:30+00:00 |      4 |  500 | \\test测试！！！@TEST1 |     1 | \\
  2023-05-10 09:08:10+00:00 |      5 |  600 | test测试！！！@TEST1   |     1 | 测试测试
  2023-05-10 09:08:10+00:00 |      6 |  100 | \\TEST1                |     1 |   bdbd
  2023-05-10 09:15:10+00:00 |      7 |  500 | test测试！！！@TEST1   |     1 | 64_3
(7 rows)
> select time_bucket(k_timestamp,'10s') as tb,max(e7) as maxVal,last_row(e12),count(t9) from test_select_timebucket.tb2 group by tb,e7,e8,e9 order by tb,maxVal;
             tb             | maxval |    last_row    | count
----------------------------+--------+----------------+--------
  2023-05-10 09:08:10+00:00 | false  | varchar  中文1 |     1
  2023-05-10 09:08:10+00:00 |  true  | 中文  中文     |     1
(2 rows)
> select time_bucket(k_timestamp,'10s') as tb,min(e3),count(t11),count(e14),max(t13) from test_select_timebucket.tb group by tb order by tb;
             tb             | min  | count | count | max
----------------------------+------+-------+-------+-------
  2020-11-06 17:10:20+00:00 | 7000 |     0 |     0 | \x62
  2020-11-06 17:10:50+00:00 | 3000 |     1 |     1 | \x79
  2022-05-01 12:10:20+00:00 | 5000 |     2 |     2 | \x74
  2022-05-01 12:10:30+00:00 | 5000 |     1 |     1 | \x65
  2023-05-10 09:08:10+00:00 | 3000 |     1 |     2 | \x79
  2023-05-10 09:15:10+00:00 | 5000 |     1 |     1 | \x74
(6 rows)
> select time_bucket(k_timestamp,'10s') as tb,sum(t1) as sumVal,sum(t6),last_row(t8),count(t4),max(t12) from test_select_timebucket.tb group by tb,e2 order by tb,sumVal;
             tb             | sumval |     sum     |        last_row        | count |    max
----------------------------+--------+-------------+------------------------+-------+------------
  2020-11-06 17:10:20+00:00 |      1 | 700.5675675 | test测试！！！@TEST1   |     1 | vvvaa64_1
  2020-11-06 17:10:50+00:00 | -32768 |  100.111111 | test测试！！！@TEST1   |     1 | e
  2022-05-01 12:10:20+00:00 |  32771 | 1001.157156 | \\test测试！！！@TEST1 |     2 | \\
  2022-05-01 12:10:30+00:00 |      4 |  500.578578 | \\test测试！！！@TEST1 |     1 | \\
  2023-05-10 09:08:10+00:00 |      5 |  600.123455 | test测试！！！@TEST1   |     1 | 测试测试
  2023-05-10 09:08:10+00:00 |      6 |  100.111111 | \\TEST1                |     1 |   bdbd
  2023-05-10 09:15:10+00:00 |      7 |  500.578578 | test测试！！！@TEST1   |     1 | 64_3
(7 rows)
> select time_bucket(k_timestamp,'10s') as tb,max(e7) as maxVal,last_row(t12),count(t9) from test_select_timebucket.tb2 group by tb,e7,e8,e9 order by tb,maxVal;
             tb             | maxval | last_row | count
----------------------------+--------+----------+--------
  2023-05-10 09:08:10+00:00 | false  | bd64_1   |     1
  2023-05-10 09:08:10+00:00 |  true  | chch4_1  |     1
(2 rows)
> select time_bucket(k_timestamp,'10s') as tb,min(e3),count(8),count(e14),max(t13) from test_select_timebucket.tb group by tb order by tb;
             tb             | min  | count | count | max
----------------------------+------+-------+-------+-------
  2020-11-06 17:10:20+00:00 | 7000 |     1 |     0 | \x62
  2020-11-06 17:10:50+00:00 | 3000 |     1 |     1 | \x79
  2022-05-01 12:10:20+00:00 | 5000 |     2 |     2 | \x74
  2022-05-01 12:10:30+00:00 | 5000 |     1 |     1 | \x65
  2023-05-10 09:08:10+00:00 | 3000 |     2 |     2 | \x79
  2023-05-10 09:15:10+00:00 | 5000 |     1 |     1 | \x74
(6 rows)
> select time_bucket(k_timestamp,'10s') as tb,max(k_timestamp+e1) from test_select_timebucket.tb group by tb order by tb;
ERROR: max(): unsupported binary operator: <timestamptz(3)> + <timestamptz(3)>
SQLSTATE: 22023
> select time_bucket(k_timestamp,'10s') as tb,max(k_timestamp+k_timestamp) from test_select_timebucket.tb group by tb order by tb;
ERROR: max(): unsupported binary operator: <timestamptz(3)> + <timestamptz(3)>
SQLSTATE: 22023
> select time_bucket(k_timestamp,'10s') as tb,max(e2-e3),sum(e4*e3) from test_select_timebucket.tb group by tb order by tb;
             tb             |  max  |    sum
----------------------------+-------+------------
  2020-11-06 17:10:20+00:00 | -6300 | 490000000
  2020-11-06 17:10:50+00:00 | -2900 | 120000000
  2022-05-01 12:10:20+00:00 | -4500 | 550000000
  2022-05-01 12:10:30+00:00 | -4500 | 250000000
  2023-05-10 09:08:10+00:00 | -2900 | 480000000
  2023-05-10 09:15:10+00:00 | -4500 | 300000000
(6 rows)
> select time_bucket(k_timestamp,'10s') as tb,sum(e5/e6),avg(e5%e6) from test_select_timebucket.tb group by tb order by tb;
             tb             |         sum         |     avg
----------------------------+---------------------+---------------
  2020-11-06 17:10:20+00:00 |  0.1000000967712829 |  700000.6875
  2020-11-06 17:10:50+00:00 | 0.15000014109847076 |   600000.625
  2022-05-01 12:10:20+00:00 | 0.20000017979778184 |            0
  2022-05-01 12:10:30+00:00 | 0.10000008989889092 |    -500000.5
  2023-05-10 09:08:10+00:00 |  1.0500100360810714 | 600000.65625
  2023-05-10 09:15:10+00:00 | 0.10000008989889092 |     500000.5
(6 rows)
> select time_bucket(k_timestamp,'10s') as tb,count(e7+e8) from test_select_timebucket.tb group by tb order by tb;
ERROR: count(): unsupported binary operator: <bool> + <char>
SQLSTATE: 22023
> select time_bucket(k_timestamp,'10s') as tb,max(t1+t1),max(t2-t3) from test_select_timebucket.tb group by tb order by tb;
             tb             |  max   |         max
----------------------------+--------+----------------------
  2020-11-06 17:10:20+00:00 |      2 |                NULL
  2020-11-06 17:10:50+00:00 | -65536 | 9223372034707292160
  2022-05-01 12:10:20+00:00 |  65534 |               -3600
  2022-05-01 12:10:30+00:00 |      8 |               -3600
  2023-05-10 09:08:10+00:00 |     12 |                -900
  2023-05-10 09:15:10+00:00 |     14 |               -1800
(6 rows)
> select time_bucket(k_timestamp,'10s') as tb,sum(t5*t6),sum(t5/t6) from test_select_timebucket.tb group by tb order by tb;
             tb             |          sum           |           sum
----------------------------+------------------------+--------------------------
  2020-11-06 17:10:20+00:00 |      49535.52349422245 |     0.10092916983342937
  2020-11-06 17:10:50+00:00 | -9.233620217758645e+20 | -9.213135230169182e+16
  2022-05-01 12:10:20+00:00 | 4.617022458573727e+21  | 1.842542298494998e+16
  2022-05-01 12:10:30+00:00 |     25306.750010789998 |     0.10099313518765879
  2023-05-10 09:08:10+00:00 |      35358.01861139691 | -0.00012742341784086064
  2023-05-10 09:15:10+00:00 |    -5067.3569450939995 |   -0.020222599297886855
(6 rows)
> select time_bucket(k_timestamp,'10s') as tb,count(t8+t8) from test_select_timebucket.tb group by tb order by tb;
ERROR: count(): unsupported binary operator: <char> + <char>
SQLSTATE: 22023
> select time_bucket(k_timestamp,'10s') as tb,min(t1+t1) from test_select_timebucket.tb group by tb order by tb;
             tb             |  min
----------------------------+---------
  2020-11-06 17:10:20+00:00 |      2
  2020-11-06 17:10:50+00:00 | -65536
  2022-05-01 12:10:20+00:00 |      8
  2022-05-01 12:10:30+00:00 |      8
  2023-05-10 09:08:10+00:00 |     10
  2023-05-10 09:15:10+00:00 |     14
(6 rows)
> select time_bucket(k_timestamp,'10s') as tb,sum(t2*t2) from test_select_timebucket.tb2 group by tb order by tb;
             tb             |  sum
----------------------------+---------
  2023-05-10 09:08:10+00:00 | 370000
(1 row)
> select time_bucket(k_timestamp,'10s') as tb,avg(t3%t3) from test_select_timebucket.tb3 group by tb order by tb;
             tb             | avg
----------------------------+------
  2023-05-10 09:15:10+00:00 |   0
  2024-05-10 23:23:20+00:00 |   0
(2 rows)
> select time_bucket(k_timestamp,'10s') as tb,max(t4-t4) from test_select_timebucket.tb group by tb order by tb;
ERROR: max(): unsupported binary operator: <bool> - <bool>
SQLSTATE: 22023
> select time_bucket(k_timestamp,'10s') as tb,min(t1+t2) from test_select_timebucket.tb group by tb order by tb;
             tb             |     min
----------------------------+--------------
  2020-11-06 17:10:20+00:00 |        NULL
  2020-11-06 17:10:50+00:00 | -2147516416
  2022-05-01 12:10:20+00:00 |         404
  2022-05-01 12:10:30+00:00 |         404
  2023-05-10 09:08:10+00:00 |         106
  2023-05-10 09:15:10+00:00 |         207
(6 rows)
> select time_bucket(k_timestamp,'10s') as tb,sum(t2*t3) from test_select_timebucket.tb2 group by tb order by tb;
             tb             |   sum
----------------------------+----------
  2023-05-10 09:08:10+00:00 | 3700000
(1 row)
> select time_bucket(k_timestamp,'10s') as tb,avg(t3%t1) from test_select_timebucket.tb3 group by tb order by tb;
             tb             | avg
----------------------------+------
  2023-05-10 09:15:10+00:00 |   0
  2024-05-10 23:23:20+00:00 |   5
(2 rows)
> select time_bucket(k_timestamp,'10s') as tb,max(t1+e2) from test_select_timebucket.tb group by tb order by tb;
             tb             |  max
----------------------------+---------
  2020-11-06 17:10:20+00:00 |    701
  2020-11-06 17:10:50+00:00 | -32668
  2022-05-01 12:10:20+00:00 |  33267
  2022-05-01 12:10:30+00:00 |    504
  2023-05-10 09:08:10+00:00 |    605
  2023-05-10 09:15:10+00:00 |    507
(6 rows)
> select time_bucket(k_timestamp,'10s') as tb,max(t2-e3) from test_select_timebucket.tb group by tb order by tb;
             tb             |     max
----------------------------+--------------
  2020-11-06 17:10:20+00:00 |        NULL
  2020-11-06 17:10:50+00:00 | -2147486648
  2022-05-01 12:10:20+00:00 |  2147478647
  2022-05-01 12:10:30+00:00 |       -4600
  2023-05-10 09:08:10+00:00 |       -2900
  2023-05-10 09:15:10+00:00 |       -4800
(6 rows)
> select time_bucket(k_timestamp,'10s') as tb,sum(e5*t6),avg(t5/t6) from test_select_timebucket.tb group by tb order by tb;
             tb             |          sum           |          avg
----------------------------+------------------------+-------------------------
  2020-11-06 17:10:20+00:00 | 4.9039777889020264e+08 |    0.10092916983342937
  2020-11-06 17:10:50+00:00 | 6.0066729169444375e+07 | -9.213135230169182e+16
  2022-05-01 12:10:20+00:00 |                      0 | 9.21271149247499e+15
  2022-05-01 12:10:30+00:00 | -2.50289539289289e+08  |    0.10099313518765879
  2023-05-10 09:08:10+00:00 | 4.201412147543197e+08  | -6.371170892043032e-05
  2023-05-10 09:15:10+00:00 | 2.50289539289289e+08   |  -0.020222599297886855
(6 rows)
> select time_bucket(k_timestamp,'10s') as tb,count(t5+t5) from test_select_timebucket.tb group by tb order by tb;
             tb             | count
----------------------------+--------
  2020-11-06 17:10:20+00:00 |     1
  2020-11-06 17:10:50+00:00 |     1
  2022-05-01 12:10:20+00:00 |     2
  2022-05-01 12:10:30+00:00 |     1
  2023-05-10 09:08:10+00:00 |     2
  2023-05-10 09:15:10+00:00 |     1
(6 rows)
> select time_bucket(k_timestamp,'10s') as tb,min(t1+t2) from test_select_timebucket.tb group by tb order by tb;
             tb             |     min
----------------------------+--------------
  2020-11-06 17:10:20+00:00 |        NULL
  2020-11-06 17:10:50+00:00 | -2147516416
  2022-05-01 12:10:20+00:00 |         404
  2022-05-01 12:10:30+00:00 |         404
  2023-05-10 09:08:10+00:00 |         106
  2023-05-10 09:15:10+00:00 |         207
(6 rows)
> select time_bucket(k_timestamp,'10s') as tb,sum(t2*t3) from test_select_timebucket.tb2 group by tb order by tb;
             tb             |   sum
----------------------------+----------
  2023-05-10 09:08:10+00:00 | 3700000
(1 row)
> select time_bucket(k_timestamp,'10s') as tb,avg(t3%t1) from test_select_timebucket.tb3 group by tb order by tb;
             tb             | avg
----------------------------+------
  2023-05-10 09:15:10+00:00 |   0
  2024-05-10 23:23:20+00:00 |   5
(2 rows)
> select time_bucket(k_timestamp,'10s') as tb,max(e2+t1-t2),max(e3-t2+t3) from test_select_timebucket.tb group by tb order by tb;
             tb             |    max     |         max
----------------------------+------------+-----------------------
  2020-11-06 17:10:20+00:00 |       NULL |                 NULL
  2020-11-06 17:10:50+00:00 | 2147450980 | -9223372034707289160
  2022-05-01 12:10:20+00:00 |        104 |  9223372034707297160
  2022-05-01 12:10:30+00:00 |        104 |                 8600
  2023-05-10 09:08:10+00:00 |          6 |                 3900
  2023-05-10 09:15:10+00:00 |        307 |                 6800
(6 rows)
> select time_bucket(k_timestamp,'10s') as tb,max(t2*e3-t3) from test_select_timebucket.tb2 group by tb order by tb;
             tb             |   max
----------------------------+----------
  2023-05-10 09:08:10+00:00 | 3594000
(1 row)
> select time_bucket(k_timestamp,'10s') as tb,sum(t3/e3),avg(t3/e3*t3) from test_select_timebucket.tb3 group by tb order by tb;
             tb             | sum  |   avg
----------------------------+------+----------
  2023-05-10 09:15:10+00:00 |  1.6 | 12800.0
  2024-05-10 23:23:20+00:00 | 0.25 |  500.00
(2 rows)
> select time_bucket(k_timestamp,'10s') as tb,count(t1+e2-e3*t2/t3) from test_select_timebucket.tb group by tb order by tb;
             tb             | count
----------------------------+--------
  2020-11-06 17:10:20+00:00 |     0
  2020-11-06 17:10:50+00:00 |     1
  2022-05-01 12:10:20+00:00 |     2
  2022-05-01 12:10:30+00:00 |     1
  2023-05-10 09:08:10+00:00 |     1
  2023-05-10 09:15:10+00:00 |     1
(6 rows)
> select time_bucket(k_timestamp,'10s') as tb,max(k_timestamp)+min(e1) from test_select_timebucket.tb group by tb order by tb;
ERROR: unsupported binary operator: <timestamptz(3)> + <timestamptz(3)>
SQLSTATE: 22023
> select time_bucket(k_timestamp,'10s') as tb,max(e2)-min(e3) from test_select_timebucket.tb group by tb order by tb;
             tb             | ?column?
----------------------------+-----------
  2020-11-06 17:10:20+00:00 |    -6300
  2020-11-06 17:10:50+00:00 |    -2900
  2022-05-01 12:10:20+00:00 |    -4500
  2022-05-01 12:10:30+00:00 |    -4500
  2023-05-10 09:08:10+00:00 |    -2400
  2023-05-10 09:15:10+00:00 |    -4500
(6 rows)
> select time_bucket(k_timestamp,'10s') as tb,sum(e4)*avg(e3),sum(e5)*avg(e6) from test_select_timebucket.tb group by tb order by tb;
             tb             | ?column?  |        ?column?
----------------------------+-----------+-------------------------
  2020-11-06 17:10:20+00:00 | 490000000 | 4.90000488320714e+12
  2020-11-06 17:10:50+00:00 | 120000000 | 2.4000027424244927e+12
  2022-05-01 12:10:20+00:00 | 550000000 |                      0
  2022-05-01 12:10:30+00:00 | 250000000 | 2.5000027525277524e+12
  2023-05-10 09:08:10+00:00 | 450000000 | 2.7999993655267964e+12
  2023-05-10 09:15:10+00:00 | 300000000 | 2.5000027525277524e+12
(6 rows)
> select time_bucket(k_timestamp,'10s') as tb,last_row(e3)%last_row(e6) from test_select_timebucket.tb group by tb order by tb;
ERROR: unsupported binary operator: <int4> % <float>
SQLSTATE: 22023
> select time_bucket(k_timestamp,'10s') as tb,count(e7)+count(e8) from test_select_timebucket.tb group by tb order by tb;
             tb             | ?column?
----------------------------+-----------
  2020-11-06 17:10:20+00:00 |        1
  2020-11-06 17:10:50+00:00 |        2
  2022-05-01 12:10:20+00:00 |        4
  2022-05-01 12:10:30+00:00 |        2
  2023-05-10 09:08:10+00:00 |        4
  2023-05-10 09:15:10+00:00 |        2
(6 rows)
> select time_bucket(k_timestamp,'10s') as tb,max(t1)+min(t1),max(t2)-min(t3) from test_select_timebucket.tb group by tb order by tb;
             tb             | ?column? |      ?column?
----------------------------+----------+----------------------
  2020-11-06 17:10:20+00:00 |        2 |                NULL
  2020-11-06 17:10:50+00:00 |   -65536 | 9223372034707292160
  2022-05-01 12:10:20+00:00 |    32771 |          2147479647
  2022-05-01 12:10:30+00:00 |        8 |               -3600
  2023-05-10 09:08:10+00:00 |       11 |                -900
  2023-05-10 09:15:10+00:00 |       14 |               -1800
(6 rows)
> select time_bucket(k_timestamp,'10s') as tb,sum(t5)*avg(t6),sum(t5)/avg(t6) from test_select_timebucket.tb group by tb order by tb;
             tb             |        ?column?        |        ?column?
----------------------------+------------------------+-------------------------
  2020-11-06 17:10:20+00:00 |      49535.52323971939 |    0.10092916931487661
  2020-11-06 17:10:50+00:00 | -9.233620217758645e+20 | -9.213135230169182e+16
  2022-05-01 12:10:20+00:00 | 4.617022458573727e+21  | 1.842542298494998e+16
  2022-05-01 12:10:30+00:00 |     25306.750163554458 |     0.1009931357973049
  2023-05-10 09:08:10+00:00 |      17675.18141778824 |    0.14419054420152513
  2023-05-10 09:15:10+00:00 |    -5067.3570176571175 |  -0.020222599587468755
(6 rows)
> select time_bucket(k_timestamp,'10s') as tb,last_row(t5)%last_row(t6),count(t4)+count(t8) from test_select_timebucket.tb group by tb order by tb;
             tb             |      ?column?      | ?column?
----------------------------+--------------------+-----------
  2020-11-06 17:10:20+00:00 |          70.707703 |        2
  2020-11-06 17:10:50+00:00 | -83.12706394900135 |        2
  2022-05-01 12:10:20+00:00 |             50.555 |        4
  2022-05-01 12:10:30+00:00 |             50.555 |        2
  2023-05-10 09:08:10+00:00 |          60.606602 |        4
  2023-05-10 09:15:10+00:00 |            -10.123 |        2
(6 rows)
> select time_bucket(k_timestamp,'10s') as tb,max(t1)+min(t1)/count(t8) from test_select_timebucket.tb group by tb order by tb;
             tb             | ?column?
----------------------------+-----------
  2020-11-06 17:10:20+00:00 |        2
  2020-11-06 17:10:50+00:00 |   -65536
  2022-05-01 12:10:20+00:00 |    32769
  2022-05-01 12:10:30+00:00 |        8
  2023-05-10 09:08:10+00:00 |      8.5
  2023-05-10 09:15:10+00:00 |       14
(6 rows)
> select time_bucket(k_timestamp,'10s') as tb,sum(t2)-avg(t2) from test_select_timebucket.tb2 group by tb order by tb;
             tb             | ?column?
----------------------------+-----------
  2023-05-10 09:08:10+00:00 |      350
(1 row)
> select time_bucket(k_timestamp,'10s') as tb,last_row(t3)%count(t3) from test_select_timebucket.tb3 group by tb order by tb;
             tb             | ?column?
----------------------------+-----------
  2023-05-10 09:15:10+00:00 |        0
  2024-05-10 23:23:20+00:00 |        0
(2 rows)
> select time_bucket(k_timestamp,'10s') as tb,max(t1)+min(t1)/count(t9) from test_select_timebucket.tb group by tb order by tb;
             tb             | ?column?
----------------------------+-----------
  2020-11-06 17:10:20+00:00 |        2
  2020-11-06 17:10:50+00:00 |   -65536
  2022-05-01 12:10:20+00:00 |    32769
  2022-05-01 12:10:30+00:00 |        8
  2023-05-10 09:08:10+00:00 |      8.5
  2023-05-10 09:15:10+00:00 |       14
(6 rows)
> select time_bucket(k_timestamp,'10s') as tb,sum(t2)-avg(t3) from test_select_timebucket.tb2 group by tb order by tb;
             tb             | ?column?
----------------------------+-----------
  2023-05-10 09:08:10+00:00 |    -2800
(1 row)
> select time_bucket(k_timestamp,'10s') as tb,last_row(t1)%count(t3) from test_select_timebucket.tb3 group by tb order by tb;
             tb             | ?column?
----------------------------+-----------
  2023-05-10 09:15:10+00:00 |        0
  2024-05-10 23:23:20+00:00 |        0
(2 rows)
> select time_bucket(k_timestamp,'10s') as tb,max(e1)+min(t1),max(t2)-min(e3) from test_select_timebucket.tb group by tb order by tb;
ERROR: unsupported binary operator: <timestamptz(3)> + <int2>
SQLSTATE: 22023
> select time_bucket(k_timestamp,'10s') as tb,sum(t5)*avg(e6),sum(e5)/avg(t6) from test_select_timebucket.tb group by tb order by tb;
             tb             |        ?column?        |      ?column?
----------------------------+------------------------+---------------------
  2020-11-06 17:10:20+00:00 | 4.949539255992234e+08  |  999.1908275142926
  2020-11-06 17:10:50+00:00 | -3.689349187403403e+25 |   5993.34698223457
  2022-05-01 12:10:20+00:00 |                      0 |                  0
  2022-05-01 12:10:30+00:00 | -2.527750270589346e+08 | -998.8451803065373
  2023-05-10 09:08:10+00:00 | 1.1779491480003683e+08 | 3427.4266674804508
  2023-05-10 09:15:10+00:00 | -5.061500583746432e+07 |  998.8451803065373
(6 rows)
> select time_bucket(k_timestamp,'10s') as tb,last_row(t5)%last_row(e6),count(e4)+count(t8) from test_select_timebucket.tb group by tb order by tb;
             tb             |        ?column?         | ?column?
----------------------------+-------------------------+-----------
  2020-11-06 17:10:20+00:00 |               70.707703 |        2
  2020-11-06 17:10:50+00:00 | -1.1382757048075944e+06 |        2
  2022-05-01 12:10:20+00:00 |                  50.555 |        4
  2022-05-01 12:10:30+00:00 |                  50.555 |        2
  2023-05-10 09:08:10+00:00 |               60.606602 |        4
  2023-05-10 09:15:10+00:00 |                 -10.123 |        2
(6 rows)
> select time_bucket(k_timestamp,'10s') as tb,max(t1)+min(t1)/count(t10) from test_select_timebucket.tb group by tb order by tb;
             tb             | ?column?
----------------------------+-----------
  2020-11-06 17:10:20+00:00 |        2
  2020-11-06 17:10:50+00:00 |   -65536
  2022-05-01 12:10:20+00:00 |    32769
  2022-05-01 12:10:30+00:00 |        8
  2023-05-10 09:08:10+00:00 |      8.5
  2023-05-10 09:15:10+00:00 |       14
(6 rows)
> select time_bucket(k_timestamp,'10s') as tb,sum(t2)-avg(t3) from test_select_timebucket.tb2 group by tb order by tb;
             tb             | ?column?
----------------------------+-----------
  2023-05-10 09:08:10+00:00 |    -2800
(1 row)
> select time_bucket(k_timestamp,'10s') as tb,last_row(t2)%count(t3) from test_select_timebucket.tb3 group by tb order by tb;
             tb             | ?column?
----------------------------+-----------
  2023-05-10 09:15:10+00:00 |        0
  2024-05-10 23:23:20+00:00 |        0
(2 rows)
> select time_bucket(k_timestamp,'10s') as tb,max(e2)+min(t1)/count(t9) from test_select_timebucket.tb group by tb order by tb;
             tb             | ?column?
----------------------------+-----------
  2020-11-06 17:10:20+00:00 |      701
  2020-11-06 17:10:50+00:00 |   -32668
  2022-05-01 12:10:20+00:00 |      502
  2022-05-01 12:10:30+00:00 |      504
  2023-05-10 09:08:10+00:00 |    602.5
  2023-05-10 09:15:10+00:00 |      507
(6 rows)
> select time_bucket(k_timestamp,'10s') as tb,sum(t2)-avg(t3)*sum(e4) from test_select_timebucket.tb2 group by tb order by tb;
             tb             |  ?column?
----------------------------+-------------
  2023-05-10 09:08:10+00:00 | -349999300
(1 row)
> select time_bucket(k_timestamp,'10s') as tb,last_row(t1)%count(t3)+min(e3) from test_select_timebucket.tb3 group by tb order by tb;
             tb             | ?column?
----------------------------+-----------
  2023-05-10 09:15:10+00:00 |     5000
  2024-05-10 23:23:20+00:00 |     8000
(2 rows)
> select time_bucket(k_timestamp,'ms') as tb from test_select_timebucket.tb3 group by tb order by tb limit 5;
ERROR: interval: invalid input syntax: ms.
SQLSTATE: 22007
> select time_bucket(k_timestamp,'10ms') as tb from test_select_timebucket.tb3 group by tb order by tb limit 5;
               tb
--------------------------------
  2023-05-10 09:15:15.78+00:00
  2024-05-10 23:23:23.78+00:00
(2 rows)
> select time_bucket(k_timestamp,'10μs') as tb from test_select_timebucket.tb3 group by tb order by tb limit 5;
ERROR: invalid input interval time.
SQLSTATE: 22023
> select time_bucket(k_timestamp,'10ns') as tb from test_select_timebucket.tb3 group by tb order by tb limit 5;
               tb
---------------------------------
  2023-05-10 09:15:15.783+00:00
  2024-05-10 23:23:23.783+00:00
(2 rows)
> select first(k_timestamp),max(e1) from test_select_timebucket.tb3 where k_timestamp = time_bucket(k_timestamp, case when e1 is NULL then pg_catalog.timeofday() else pg_catalog.timeofday() end);
ERROR: invalid input interval time.
SQLSTATE: 22023
> use defaultdb;drop database test_select_timebucket cascade;
DROP DATABASE
