> drop database  if EXISTS  test1 cascade;
DROP DATABASE
> create ts database test1;
CREATE TS DATABASE
> CREATE TABLE test1.t1(k_timestamp TIMESTAMP not null, a int, b double, c int2, d int8) TAGS (tag1 int not null,tag2 int) PRIMARY TAGS (tag1);
CREATE TABLE
> insert into test1.t1 values('2023-07-29 03:11:59.688', 1,  1,1,-3,1,2);
INSERT 1
> insert into test1.t1 values('2023-07-29 03:12:59.688', 2,  2,2,3,2,2);
INSERT 1
> insert into test1.t1 values('2023-07-29 03:15:59.688', 21,  21,3,3,31,2);
INSERT 1
> insert into test1.t1 values('2023-07-29 03:16:59.688', 21,  21,32767,3,31,2);
INSERT 1
> insert into test1.t1 values('2023-07-29 03:17:59.688', 2147483641, 2147483643,32767,2,31,2);
INSERT 1
> insert into test1.t1 values('2023-07-29 03:19:59.688', 2147483642, 2147483642,32767,2,31,2);
INSERT 1
> insert into test1.t1 values('2023-07-29 03:21:59.688', 2147483643, 2147483641,32767,2,31,2);
INSERT 1
> insert into test1.t1 values('2023-07-29 03:23:59.688', 21,  21,3,9223372036854775807,30,1);
INSERT 1
> insert into test1.t1 values('2023-07-29 03:25:59.688', 21,  21,3,9223372036854775807,30,1);
INSERT 1
> insert into test1.t1 values('2023-07-29 03:27:59.688', 21,  21,3,9223372036854775807,30,1);
INSERT 1
> insert into test1.t1 values('2023-07-29 03:29:59.688', 21,  21,3,9223372036854775807,33,3);
INSERT 1
> insert into test1.t1 values('2023-07-29 03:31:59.688', 20,  21,3,9223372036854775807,33,3);
INSERT 1
> insert into test1.t1 values('2023-07-29 03:33:59.688', 20,  21,3,9223372036854775807,33,3);
INSERT 1
> insert into test1.t1 values('2023-07-29 03:35:59.688', 20,  21,3,323232,34,4);
INSERT 1
> select sum(a),sum(b),sum(c),sum(d)-sum(d)%100000,sum(tag1),sum(tag2) from test1.t1;
     sum     |       sum       |  sum   |       ?column?       | sum | sum
-------------+-----------------+--------+----------------------+-----+------
  6442451115 | 6.442451118e+09 | 131095 | 55340232221128900000 | 381 |  30
(1 row)
> CREATE TABLE test1.t2(k_timestamp TIMESTAMP not null, a int, b double, c int2, d int8) TAGS (tag1 int8 not null,tag2 int8) PRIMARY TAGS (tag1);
CREATE TABLE
> insert into test1.t2 values('2023-07-29 03:11:59.688', 11,  12,13,14,15,16);
INSERT 1
> insert into test1.t2 values('2023-07-29 03:12:59.688', 12,  13,13,14,15,17);
INSERT 1
> insert into test1.t2 values('2023-07-29 03:15:59.688', 2,  3,3,4,15,17);
INSERT 1
> insert into test1.t2 values('2023-07-29 03:16:59.688', 21,  22,23,24,25,26);
INSERT 1
> insert into test1.t2 values('2023-07-29 03:19:59.688', 31,  32,33,34,35,36);
INSERT 1
> insert into test1.t2 values('2023-07-29 03:31:59.688', 41,  42,43,44,45,46);
INSERT 1
> select min(a) from test1.t2;
  min
-------
    2
(1 row)
> select min(tag1) from test1.t2;
  min
-------
   15
(1 row)
> select max(tag1) from test1.t2;
  max
-------
   45
(1 row)
> select sum(tag1) from test1.t2;
  sum
-------
  150
(1 row)
> select min(tag1), sum(tag1), count(tag1), max(tag1),min(tag2) from test1.t2;
  min | sum | count | max | min
------+-----+-------+-----+------
   15 | 150 |     6 |  45 |  16
(1 row)
> select max(a), max(b), min(tag1), sum(tag1), max(d), count(tag1), max(tag1), sum(d),last(tag1), last(tag2),last(a) from test1.t2;
  max | max | min | sum | max | count | max | sum | last | last | last
------+-----+-----+-----+-----+-------+-----+-----+------+------+-------
   41 |  42 |  15 | 150 |  44 |     6 |  45 | 134 |   45 |   46 |   41
(1 row)
> select first(a),firstts(b),first_row(c), first_row_ts(tag1),last(a), last(c) ,last(tag1) ,last_row(b) from test1.t2;
  first |            firstts            | first_row |         first_row_ts          | last | last | last | last_row
--------+-------------------------------+-----------+-------------------------------+------+------+------+-----------
     11 | 2023-07-29 03:11:59.688+00:00 |        13 | 2023-07-29 03:11:59.688+00:00 |   41 |   43 |   45 |       42
(1 row)
> select first(a),last_row_ts(tag1),last_row(tag2), last(d),last(a), last(c) ,last(tag1) ,last_row(b) from test1.t2;
  first |          last_row_ts          | last_row | last | last | last | last | last_row
--------+-------------------------------+----------+------+------+------+------+-----------
     11 | 2023-07-29 03:31:59.688+00:00 |       46 |   44 |   41 |   43 |   45 |       42
(1 row)
> CREATE TABLE test1.t3(k_timestamp TIMESTAMP not null, a int, c int8) TAGS (tag1 int not null,tag2 int) PRIMARY TAGS (tag1);
CREATE TABLE
> insert into test1.t3 values('2023-07-29 03:31:59.688', -2147483648, -2147483648,1,2);
INSERT 1
> insert into test1.t3 values('2023-07-29 03:35:59.688', 2147483647, 2147483647,2,2);
INSERT 1
> insert into test1.t3 values('2023-07-29 03:38:59.688', 21, 200,31,2);
INSERT 1
> select min(a) from test1.t3;
      min
---------------
  -2147483648
(1 row)
> select sum(tag1),sum(a)  from test1.t3;
  sum | sum
------+------
   34 |  20
(1 row)
> CREATE TABLE test1.t4(k_timestamp TIMESTAMP not null, a int, b double, c int2, d int8) TAGS (tag1 int not null,tag2 int) PRIMARY TAGS (tag1);
CREATE TABLE
> insert into test1.t4 values('2023-07-29 03:31:59.688', 22,  22,31,323236,2147483647,2147483646);
INSERT 1
> insert into test1.t4 values('2023-07-29 03:32:59.688', 23,  23,32,323237,2147483646,2147483647);
INSERT 1
> insert into test1.t4 values('2023-07-29 03:34:59.688', 20,  21,3,9223372036854775807,33,3);
INSERT 1
> insert into test1.t4 (k_timestamp, a,b,c,d,tag1) values(now(), 20,  21,3,9223372036854775807,34);
INSERT 1
> select count(a) from test1.t4;
  count
---------
      4
(1 row)
> select count(tag1) from test1.t4;
  count
---------
      4
(1 row)
> select count(tag2) from test1.t4;
  count
---------
      3
(1 row)
> select count_rows() from test1.t4;
  count_rows
--------------
           4
(1 row)
> CREATE TABLE test1.t5(k_timestamp TIMESTAMP not null, a int, b double, c int2, d int8) TAGS (tag1 int8 not null,tag2 int8) PRIMARY TAGS (tag1);
CREATE TABLE
> insert into test1.t5 values('2023-07-29 03:31:59.688', 22,  22,31,323236,9223372036854775807,2147483646);
INSERT 1
> insert into test1.t5 values('2023-07-29 03:32:59.688', 23,  23,32,323237,9223372036854775807,2147483647);
INSERT 1
> insert into test1.t5 values('2023-07-29 03:36:59.688', 3,  3,3,323231,9223372036854775807,2147483644);
INSERT 1
> insert into test1.t5 values('2023-07-29 03:37:59.688', 20,  21,3,9223372036854775807,33,3);
INSERT 1
> select sum(a),sum(b),sum(c),ROUND((sum(d)/100000), 0),ROUND((sum(tag1)/100000),0),sum(tag2) from test1.t5;
  sum | sum | sum |     round      |      round      |    sum
------+-----+-----+----------------+-----------------+-------------
   68 |  69 |  69 | 92233720368557 | 276701161105643 | 6442450941
(1 row)
> CREATE TABLE test1.t6(k_timestamp TIMESTAMP not null, a int, c int8) TAGS (tag1 int not null,tag2 int) PRIMARY TAGS (tag1);
CREATE TABLE
> insert into test1.t6 values('2023-07-29 03:31:59.688', -2147483648, -2147483648,2147483641,2);
INSERT 1
> insert into test1.t6 values('2023-07-29 03:36:59.688', 2147483647, 2147483647,-2147483641,2);
INSERT 1
> insert into test1.t6 values('2023-07-29 03:37:59.688', 21, 200,31,2);
INSERT 1
> select min(a) from test1.t6;
      min
---------------
  -2147483648
(1 row)
> select sum(tag1),sum(tag2),sum(a) ,sum(c) from test1.t6;
  sum | sum | sum | sum
------+-----+-----+------
   31 |   6 |  20 | 199
(1 row)
> CREATE TABLE test1.t7(k_timestamp TIMESTAMP not null, a int not null, b double, c int2, d int8) TAGS (tag1 int not null,tag2 int) PRIMARY TAGS (tag1);
CREATE TABLE
> insert into test1.t7 values('2024-07-25 06:42:01.922', 1,  1,1,-3,1,2);
INSERT 1
> insert into test1.t7 values('2024-07-25 06:45:50.57', 21,  21,32767,3,31,2);
INSERT 1
> select count(*),first(a) from test1.t7  where k_timestamp > '2024-7-25 06:43:00' and k_timestamp < '2024-7-25 06:45:00';
  count | first
--------+--------
      0 | NULL
(1 row)
> select count(*),last(a) from test1.t7  where k_timestamp > '2024-7-25 06:43:00' and k_timestamp < '2024-7-25 06:45:00';
  count | last
--------+-------
      0 | NULL
(1 row)
> select count(*),last(k_timestamp) from test1.t7  where k_timestamp > '2024-7-25 06:43:00' and k_timestamp < '2024-7-25 06:45:00';
  count | last
--------+-------
      0 | NULL
(1 row)
> use defaultdb;
SET
> drop database test1 CASCADE;
DROP DATABASE
> create ts database test;
CREATE TS DATABASE
> use test;
SET
> create table t2(ts timestamp not null, e1 int) tags(t int not null) primary tags(t);
CREATE TABLE
> insert into t2 values(1,1,1);
INSERT 1
> insert into t2 values(2,2,2);
INSERT 1
> insert into t2 values(3,3,3);
INSERT 1
> select *  from t2 order by ts;
               ts               | e1 | t
--------------------------------+----+----
  1970-01-01 00:00:00.001+00:00 |  1 | 1
  1970-01-01 00:00:00.002+00:00 |  2 | 2
  1970-01-01 00:00:00.003+00:00 |  3 | 3
(3 rows)
> select count(t),max(t) from t2 where ts<='1970-01-01 00:00:00.002';
  count | max
--------+------
      2 |   2
(1 row)
> select count(t),max(t),first(t) from t2 where ts<='1970-01-01 00:00:00.002';
  count | max | first
--------+-----+--------
      2 |   2 |     1
(1 row)
> select count(t),max(t) from t2 where ts<='1970-01-01 00:00:00.002' group by t,ts order by ts;
  count | max
--------+------
      1 |   1
      1 |   2
(2 rows)
> select count(t),max(t),first(t) from t2 where ts<='1970-01-01 00:00:00.002' group by t,ts order by ts;
  count | max | first
--------+-----+--------
      1 |   1 |     1
      1 |   2 |     2
(2 rows)
> select count(e1),max(t),first(t),t from t2 where ts<='1970-01-01 00:00:00.002' group by t,ts order by ts;
  count | max | first | t
--------+-----+-------+----
      1 |   1 |     1 | 1
      1 |   2 |     2 | 2
(2 rows)
> select count(e1),max(t),t from t2 where ts<='1970-01-01 00:00:00.002' group by t,ts order by ts;
  count | max | t
--------+-----+----
      1 |   1 | 1
      1 |   2 | 2
(2 rows)
> select count(e1),max(t),last(t),t from t2 where ts<='1970-01-01 00:00:00.002' group by t,ts order by ts;
  count | max | last | t
--------+-----+------+----
      1 |   1 |    1 | 1
      1 |   2 |    2 | 2
(2 rows)
> select count(e1),max(t),last(t) from t2;
  count | max | last
--------+-----+-------
      3 |   3 |    3
(1 row)
> select count(e1),max(t),first_row(t),t from t2 where ts<='1970-01-01 00:00:00.002' group by t,ts order by ts;
  count | max | first_row | t
--------+-----+-----------+----
      1 |   1 |         1 | 1
      1 |   2 |         2 | 2
(2 rows)
> select count(e1),max(t),first(t) from t2 where ts<='1970-01-01 00:00:00.002' group by t,ts order by ts;
  count | max | first
--------+-----+--------
      1 |   1 |     1
      1 |   2 |     2
(2 rows)
> select count(e1),first(t) from t2 where ts<='1970-01-01 00:00:00.002';
  count | first
--------+--------
      2 |     1
(1 row)
> select max(t) from t2 where ts<='1970-01-01 00:00:00.002' group by t,ts order by ts;
  max
-------
    1
    2
(2 rows)
> select count(e1),max(t),first(t)  from t2 where ts<='1970-01-01 00:00:00.002' group by t,ts order by ts;
  count | max | first
--------+-----+--------
      1 |   1 |     1
      1 |   2 |     2
(2 rows)
> select count(t),max(t) from t2 where ts<='2024-01-01 00:00:00.002';
  count | max
--------+------
      3 |   3
(1 row)
> select max(t),first(t) from t2 where ts<='1970-01-01 00:00:00.002';
  max | first
------+--------
    2 |     1
(1 row)
> select first(t),last(t) from t2 where ts<='1970-01-01 00:00:00.002';
  first | last
--------+-------
      1 |    2
(1 row)
> select first(t),last(e1) from t2 where ts<='1970-01-01 00:00:00.002';
  first | last
--------+-------
      1 |    2
(1 row)
> select first(t),lastts(e1) from t2 where ts<='1970-01-01 00:00:00.002';
  first |            lastts
--------+--------------------------------
      1 | 1970-01-01 00:00:00.002+00:00
(1 row)
> create table t3(ts timestamp not null, e1 int) tags(t int not null,t2 int ) primary tags(t);
CREATE TABLE
> insert into t3 values('2024-01-01 00:00:00.001',1,1,2);
INSERT 1
> insert into t3 values('2024-01-01 00:00:00.002',2,2,3);
INSERT 1
> insert into t3 values('2024-01-01 00:00:00.003',3,3,4);
INSERT 1
> select * from t3 order by ts;
               ts               | e1 | t | t2
--------------------------------+----+---+-----
  2024-01-01 00:00:00.001+00:00 |  1 | 1 |  2
  2024-01-01 00:00:00.002+00:00 |  2 | 2 |  3
  2024-01-01 00:00:00.003+00:00 |  3 | 3 |  4
(3 rows)
> select count(t),max(t) from t3 where ts<='1970-01-01 00:00:00.002';
  count | max
--------+-------
      0 | NULL
(1 row)
> select count(t),max(t),first(t) from t3 where ts<='2024-01-01 00:00:00.002';
  count | max | first
--------+-----+--------
      2 |   2 |     1
(1 row)
> select count(t2),max(t2),first(t2) from t3 where ts<='2024-01-01 00:00:00.002';
  count | max | first
--------+-----+--------
      2 |   3 |     2
(1 row)
> select count(e1),max(e1),first(t2),t from t3 where ts<='2024-01-01 00:00:00.002' group by t,ts order by ts;
  count | max | first | t
--------+-----+-------+----
      1 |   1 |     2 | 1
      1 |   2 |     3 | 2
(2 rows)
> select count(e1),max(e1),sum(t2),t from t3 where ts<='2024-01-01 00:00:00.004' group by t,ts order by ts;
  count | max | sum | t
--------+-----+-----+----
      1 |   1 |   2 | 1
      1 |   2 |   3 | 2
      1 |   3 |   4 | 3
(3 rows)
> select min(t2),max(t2),first(t2)  from t3 where ts<=' 2024-01-01 00:00:00.002';
  min | max | first
------+-----+--------
    2 |   3 |     2
(1 row)
> drop database test cascade;
DROP DATABASE
