> select e1 from test_SELECT_col.t1 order by k_timestamp;
    e1
----------
       0
   20002
   20002
   30003
  -10001
  -20002
  -30003
  -30004
  -30005
  -30006
  -30007
  -30008
  -30009
  -30010
   32767
  -32768
   32050
   32767
(18 rows)
> select e1 from test_SELECT_col.t1 order by k_timestamp;
    e1
----------
       0
   20002
   20002
   30003
  -10001
  -20002
  -30003
  -30004
  -30005
  -30006
  -30007
  -30008
  -30009
  -30010
   32767
  -32768
   32050
   32767
(18 rows)
