> SET CLUSTER SETTING ts.rows_per_block.max_limit = 10; 
SET CLUSTER SETTING
> SET CLUSTER SETTING server.time_until_store_dead = '1min15s'; 
SET CLUSTER SETTING
> SET CLUSTER SETTING kv.allocator.ts_consider_rebalance.enabled = true;
SET CLUSTER SETTING
> import database csv data ("nodelocal://1/tsdb1");
  job_id |  status   | fraction_completed |  rows  | abandon_rows | reject_rows | note
---------+-----------+--------------------+--------+--------------+-------------+-------
  -      | succeeded |                  1 | 500000 | 0            | 0           | None
(1 row)
> SELECT COUNT(*) FROM tsdb1.ts_t3; 
  count
----------
  250000
(1 row)
> SELECT COUNT(*) FROM tsdb1.ts_t4; 
  count
----------
  250000
(1 row)
> SELECT COUNT(*) > 0 FROM kwdb_internal.ranges WHERE database_name = 'tsdb1' AND 6=ANY(replicas); 
  ?column?
------------
    true
(1 row)
> SELECT COUNT(*) > 0 FROM kwdb_internal.ranges WHERE database_name = 'tsdb1' AND 7=ANY(replicas); 
  ?column?
------------
    true
(1 row)
> SELECT COUNT(*) FROM tsdb1.ts_t3; 
  count
----------
  250000
(1 row)
> SELECT COUNT(*) FROM tsdb1.ts_t4; 
  count
----------
  250000
(1 row)
> SELECT COUNT(1) FROM tsdb1.ts_t3; 
  count
----------
  250000
(1 row)
> SELECT COUNT(1) FROM tsdb1.ts_t4; 
  count
----------
  250000
(1 row)
> alter range default configure zone using num_replicas = 5;
ERROR: set zone config num_replicas when node unhealthy or dead is not supported
SQLSTATE: 0A000
Failed running "sql"
> alter range default configure zone using num_replicas = 5;
ERROR: set zone config num_replicas when node unhealthy or dead is not supported
SQLSTATE: 0A000
Failed running "sql"
> SELECT COUNT(*) = 0 FROM kwdb_internal.ranges WHERE database_name = 'tsdb1' AND 4=ANY(replicas); 
  ?column?
------------
    true
(1 row)
> SELECT COUNT(*) FROM tsdb1.ts_t3; 
  count
----------
  250000
(1 row)
> SELECT COUNT(*) FROM tsdb1.ts_t4; 
  count
----------
  250000
(1 row)
> SELECT COUNT(1) FROM tsdb1.ts_t3; 
  count
----------
  250000
(1 row)
> SELECT COUNT(1) FROM tsdb1.ts_t4; 
  count
----------
  250000
(1 row)
> SELECT COUNT(*) = 0 FROM kwdb_internal.ranges WHERE database_name = 'tsdb1' AND 5=ANY(replicas); 
  ?column?
------------
    true
(1 row)
> SELECT COUNT(*) FROM tsdb1.ts_t3; 
  count
----------
  250000
(1 row)
> SELECT COUNT(*) FROM tsdb1.ts_t4; 
  count
----------
  250000
(1 row)
> SELECT COUNT(1) FROM tsdb1.ts_t3; 
  count
----------
  250000
(1 row)
> SELECT COUNT(1) FROM tsdb1.ts_t4; 
  count
----------
  250000
(1 row)
