> SET CLUSTER SETTING ts.rows_per_block.max_limit = 10; 
SET CLUSTER SETTING
> SET CLUSTER SETTING ts.blocks_per_segment.max_limit = 50; 
SET CLUSTER SETTING
> SET CLUSTER SETTING server.time_until_store_dead = '1min15s'; 
SET CLUSTER SETTING
> SET CLUSTER SETTING kv.allocator.ts_consider_rebalance.enabled = true;
SET CLUSTER SETTING
> SET CLUSTER SETTING ts.raft_log.sync_period = '0s';
SET CLUSTER SETTING
> import database csv data ("nodelocal://1/tsdb1");
  job_id |  status   | fraction_completed |  rows  | abandon_rows | reject_rows | note
---------+-----------+--------------------+--------+--------------+-------------+-------
  -      | succeeded |                  1 | 500000 | 0            | 0           | None
(1 row)
> select count(*) from tsdb1.ts_t3; 
  count
----------
  250000
(1 row)
> select count(*) from tsdb1.ts_t4; 
  count
----------
  250000
(1 row)
> SELECT COUNT(*) > 0 FROM kwdb_internal.ranges WHERE database_name = 'tsdb1' AND 6=ANY(replicas); 
  ?column?
------------
    true
(1 row)
> select count(*) from tsdb1.ts_t3; 
  count
----------
  250000
(1 row)
> select count(*) from tsdb1.ts_t4; 
  count
----------
  250000
(1 row)
> select count(1) from tsdb1.ts_t3;
  count
----------
  250000
(1 row)
> select count(1) from tsdb1.ts_t4; 
  count
----------
  250000
(1 row)
> SELECT COUNT(*) = 0 FROM kwdb_internal.ranges WHERE database_name = 'tsdb1' AND 5=ANY(replicas); 
  ?column?
------------
    true
(1 row)
> select count(*) from tsdb1.ts_t3; 
  count
----------
  250000
(1 row)
> select count(*) from tsdb1.ts_t4; 
  count
----------
  250000
(1 row)
> select count(1) from tsdb1.ts_t3;
  count
----------
  250000
(1 row)
> select count(1) from tsdb1.ts_t4; 
  count
----------
  250000
(1 row)
> SELECT COUNT(*) = 0 FROM kwdb_internal.ranges WHERE database_name = 'tsdb1' AND 4=ANY(replicas); 
  ?column?
------------
    true
(1 row)
> select count(*) from tsdb1.ts_t3; 
  count
----------
  250000
(1 row)
> select count(*) from tsdb1.ts_t4; 
  count
----------
  250000
(1 row)
> select count(1) from tsdb1.ts_t3; 
  count
----------
  250000
(1 row)
> select count(1) from tsdb1.ts_t4; 
  count
----------
  250000
(1 row)
> SELECT COUNT(*) = 0 FROM kwdb_internal.ranges WHERE database_name = 'tsdb1' AND 3=ANY(replicas); 
  ?column?
------------
    true
(1 row)
> select count(*) from tsdb1.ts_t3; 
  count
----------
  250000
(1 row)
> select count(*) from tsdb1.ts_t4; 
  count
----------
  250000
(1 row)
> select count(1) from tsdb1.ts_t3; 
  count
----------
  250000
(1 row)
> select count(1) from tsdb1.ts_t4; 
  count
----------
  250000
(1 row)
